Mumbai,19.07283,72.88261,IN,Asia/Kolkata,0,5.5,India
Delhi,28.65195,77.23149,IN,Asia/Kolkata,0,5.5,India
Bengaluru,12.97194,77.59369,IN,Asia/Kolkata,0,5.5,India
Hyderabad,17.38405,78.45636,IN,Asia/Kolkata,0,5.5,India
Ahmedabad,23.02579,72.58727,IN,Asia/Kolkata,0,5.5,India
Chennai,13.08784,80.27847,IN,Asia/Kolkata,0,5.5,India
Kolkata,22.56263,88.36304,IN,Asia/Kolkata,0,5.5,India
Surat,21.19594,72.83023,IN,Asia/Kolkata,0,5.5,India
Pune,18.51957,73.85535,IN,Asia/Kolkata,0,5.5,India
Kanpur,26.46523,80.34975,IN,Asia/Kolkata,0,5.5,India
Jaipur,26.91962,75.78781,IN,Asia/Kolkata,0,5.5,India
Navi Mumbai,19.03681,73.01582,IN,Asia/Kolkata,0,5.5,India
Lucknow,26.83928,80.92313,IN,Asia/Kolkata,0,5.5,India
Nagpur,21.14631,79.08491,IN,Asia/Kolkata,0,5.5,India
Coimbatore,11.00555,76.96612,IN,Asia/Kolkata,0,5.5,India
Indore,22.71792,75.8333,IN,Asia/Kolkata,0,5.5,India
Vadodara,22.29941,73.20812,IN,Asia/Kolkata,0,5.5,India
Kallakurichi,11.73379,78.95925,IN,Asia/Kolkata,0,5.5,India
Patna,25.59408,85.13563,IN,Asia/Kolkata,0,5.5,India
Bhopal,23.25469,77.40289,IN,Asia/Kolkata,0,5.5,India
Ludhiana,30.91204,75.85379,IN,Asia/Kolkata,0,5.5,India
Madurai,9.919,78.11953,IN,Asia/Kolkata,0,5.5,India
Tirunelveli,8.72742,77.6838,IN,Asia/Kolkata,0,5.5,India
Agra,27.18333,78.01667,IN,Asia/Kolkata,0,5.5,India
Rajkot,22.29161,70.79322,IN,Asia/Kolkata,0,5.5,India
Najafgarh,28.60922,76.97982,IN,Asia/Kolkata,0,5.5,India
Jamshedpur,22.80278,86.18545,IN,Asia/Kolkata,0,5.5,India
Gorakhpur,29.44768,75.67206,IN,Asia/Kolkata,0,5.5,India
Nashik,19.99727,73.79096,IN,Asia/Kolkata,0,5.5,India
Pimpri,18.62292,73.80696,IN,Asia/Kolkata,0,5.5,India
Kalyan,19.2437,73.13554,IN,Asia/Kolkata,0,5.5,India
Thane,19.19704,72.96355,IN,Asia/Kolkata,0,5.5,India
Meerut,28.98002,77.70636,IN,Asia/Kolkata,0,5.5,India
Nowrangapur,19.23114,82.54826,IN,Asia/Kolkata,0,5.5,India
Faridabad,28.41124,77.31316,IN,Asia/Kolkata,0,5.5,India
Ghaziabad,28.66535,77.43915,IN,Asia/Kolkata,0,5.5,India
Dhanbad,23.79759,86.42992,IN,Asia/Kolkata,0,5.5,India
Dombivli,19.21667,73.08333,IN,Asia/Kolkata,0,5.5,India
Varanasi,25.31668,83.01041,IN,Asia/Kolkata,0,5.5,India
Ranchi,23.34316,85.3094,IN,Asia/Kolkata,0,5.5,India
Amritsar,31.62234,74.87534,IN,Asia/Kolkata,0,5.5,India
Prayagraj,25.44478,81.84322,IN,Asia/Kolkata,0,5.5,India
Visakhapatnam,17.68009,83.20161,IN,Asia/Kolkata,0,5.5,India
Teni,10.01115,77.47772,IN,Asia/Kolkata,0,5.5,India
Jabalpur,23.16697,79.95006,IN,Asia/Kolkata,0,5.5,India
Haora,22.57688,88.31857,IN,Asia/Kolkata,0,5.5,India
Tiruchirappalli,10.8155,78.69651,IN,Asia/Kolkata,0,5.5,India
Sambhaji Nagar,19.87757,75.34226,IN,Asia/Kolkata,0,5.5,India
Shivaji Nagar,18.53017,73.85263,IN,Asia/Kolkata,0,5.5,India
Solapur,17.67152,75.91044,IN,Asia/Kolkata,0,5.5,India
Srinagar,34.08565,74.80555,IN,Asia/Kolkata,0,5.5,India
Tiruppur,11.11541,77.35456,IN,Asia/Kolkata,0,5.5,India
Chandigarh,30.73629,76.7884,IN,Asia/Kolkata,0,5.5,India
Jodhpur,26.26841,73.00594,IN,Asia/Kolkata,0,5.5,India
Salem,11.65376,78.15538,IN,Asia/Kolkata,0,5.5,India
Guwahati,26.1844,91.7458,IN,Asia/Kolkata,0,5.5,India
Gwalior,26.22983,78.17337,IN,Asia/Kolkata,0,5.5,India
Vijayawada,16.50745,80.6466,IN,Asia/Kolkata,0,5.5,India
Bhiwandi,19.30023,73.05881,IN,Asia/Kolkata,0,5.5,India
Mysore,12.29791,76.63925,IN,Asia/Kolkata,0,5.5,India
Rohini,28.74322,77.06778,IN,Asia/Kolkata,0,5.5,India
Kanayannur,9.96667,76.26667,IN,Asia/Kolkata,0,5.5,India
Hubli,15.34776,75.13378,IN,Asia/Kolkata,0,5.5,India
Bhubaneswar,20.27241,85.83385,IN,Asia/Kolkata,0,5.5,India
Narela,28.85267,77.09288,IN,Asia/Kolkata,0,5.5,India
Jalandhar,31.32556,75.57917,IN,Asia/Kolkata,0,5.5,India
Thiruvananthapuram,8.4855,76.94924,IN,Asia/Kolkata,0,5.5,India
Kota,25.18254,75.83907,IN,Asia/Kolkata,0,5.5,India
Aligarh,27.88145,78.07464,IN,Asia/Kolkata,0,5.5,India
Bareilly,28.36678,79.43167,IN,Asia/Kolkata,0,5.5,India
Moradabad,28.83893,78.77684,IN,Asia/Kolkata,0,5.5,India
Raipur,21.23333,81.63333,IN,Asia/Kolkata,0,5.5,India
Gorakhpur,26.76628,83.36889,IN,Asia/Kolkata,0,5.5,India
Puducherry,11.93381,79.82979,IN,Asia/Kolkata,0,5.5,India
Bhilai,21.20919,81.4285,IN,Asia/Kolkata,0,5.5,India
Borivli,19.23496,72.85976,IN,Asia/Kolkata,0,5.5,India
Bhavnagar,21.76287,72.15331,IN,Asia/Kolkata,0,5.5,India
Cochin,9.93988,76.26022,IN,Asia/Kolkata,0,5.5,India
Amravati,20.93333,77.75,IN,Asia/Kolkata,0,5.5,India
Sangli,16.85438,74.56417,IN,Asia/Kolkata,0,5.5,India
Cuttack,20.46497,85.87927,IN,Asia/Kolkata,0,5.5,India
Bikaner,28.01762,73.31495,IN,Asia/Kolkata,0,5.5,India
Bokaro,23.66934,86.15161,IN,Asia/Kolkata,0,5.5,India
Warangal,18,79.58333,IN,Asia/Kolkata,0,5.5,India
Nanded,19.16023,77.31497,IN,Asia/Kolkata,0,5.5,India
Kozhikode,11.24802,75.7804,IN,Asia/Kolkata,0,5.5,India
Raurkela,22.22496,84.86414,IN,Asia/Kolkata,0,5.5,India
Guntur,16.29974,80.45729,IN,Asia/Kolkata,0,5.5,India
Dehra Dun,30.32443,78.03392,IN,Asia/Kolkata,0,5.5,India
Erode,11.3428,77.72741,IN,Asia/Kolkata,0,5.5,India
Bhayandar,19.30157,72.85107,IN,Asia/Kolkata,0,5.5,India
Durgapur,23.51583,87.30801,IN,Asia/Kolkata,0,5.5,India
Ajmer,26.4521,74.63867,IN,Asia/Kolkata,0,5.5,India
Ulhasnagar,19.21667,73.15,IN,Asia/Kolkata,0,5.5,India
Kolhapur,16.69563,74.23167,IN,Asia/Kolkata,0,5.5,India
Siliguri,26.71004,88.42851,IN,Asia/Kolkata,0,5.5,India
Bilimora,20.76957,72.96134,IN,Asia/Kolkata,0,5.5,India
Karol Bagh,28.65136,77.19072,IN,Asia/Kolkata,0,5.5,India
Asansol,23.68333,86.98333,IN,Asia/Kolkata,0,5.5,India
Jamnagar,22.47292,70.06673,IN,Asia/Kolkata,0,5.5,India
Saharanpur,29.9679,77.54522,IN,Asia/Kolkata,0,5.5,India
Vellore,12.9184,79.13255,IN,Asia/Kolkata,0,5.5,India
Kalaburagi,17.33583,76.83757,IN,Asia/Kolkata,0,5.5,India
Bhatpara,22.86643,88.40113,IN,Asia/Kolkata,0,5.5,India
Jammu,32.73528,74.86167,IN,Asia/Kolkata,0,5.5,India
Kurnool,15.82887,78.03602,IN,Asia/Kolkata,0,5.5,India
Ujjain,23.18239,75.77643,IN,Asia/Kolkata,0,5.5,India
Ramgundam,18.80084,79.45206,IN,Asia/Kolkata,0,5.5,India
Maheshtala,22.50862,88.25322,IN,Asia/Kolkata,0,5.5,India
Shyamnagar,22.83333,88.36667,IN,Asia/Kolkata,0,5.5,India
Malegaon,20.54966,74.53462,IN,Asia/Kolkata,0,5.5,India
Davangere,14.46693,75.92694,IN,Asia/Kolkata,0,5.5,India
Jalgaon,21.00292,75.56602,IN,Asia/Kolkata,0,5.5,India
Akola,20.70957,76.9981,IN,Asia/Kolkata,0,5.5,India
Belagavi,15.85212,74.50447,IN,Asia/Kolkata,0,5.5,India
Rajpur Sonarpur,22.4382,88.43205,IN,Asia/Kolkata,0,5.5,India
Gaya,24.79686,85.00385,IN,Asia/Kolkata,0,5.5,India
Udaipur,24.58584,73.71346,IN,Asia/Kolkata,0,5.5,India
Korba,22.3458,82.69633,IN,Asia/Kolkata,0,5.5,India
Mangalore,12.91723,74.85603,IN,Asia/Kolkata,0,5.5,India
Jhansi,25.45887,78.57994,IN,Asia/Kolkata,0,5.5,India
Thoothukudi,8.76735,78.13425,IN,Asia/Kolkata,0,5.5,India
Nellore,14.44992,79.98697,IN,Asia/Kolkata,0,5.5,India
Panihati,22.69089,88.37404,IN,Asia/Kolkata,0,5.5,India
Rajahmundry,17.00517,81.77784,IN,Asia/Kolkata,0,5.5,India
Ahmadnagar,19.09457,74.73843,IN,Asia/Kolkata,0,5.5,India
Kollam,8.88113,76.58469,IN,Asia/Kolkata,0,5.5,India
Dhulia,20.9013,74.77737,IN,Asia/Kolkata,0,5.5,India
Bhagalpur,25.24446,86.97183,IN,Asia/Kolkata,0,5.5,India
Punasa,22.23507,76.39335,IN,Asia/Kolkata,0,5.5,India
Muzaffarnagar,29.47091,77.70332,IN,Asia/Kolkata,0,5.5,India
Latur,18.39721,76.56784,IN,Asia/Kolkata,0,5.5,India
Kukatpalli,17.48486,78.41376,IN,Asia/Kolkata,0,5.5,India
Ambattur,13.09818,80.16152,IN,Asia/Kolkata,0,5.5,India
Bellary,15.14205,76.92398,IN,Asia/Kolkata,0,5.5,India
Muzaffarpur,26.12259,85.39055,IN,Asia/Kolkata,0,5.5,India
Kamarhati,22.67111,88.37472,IN,Asia/Kolkata,0,5.5,India
Mathura,27.5035,77.67215,IN,Asia/Kolkata,0,5.5,India
Patiala,30.33625,76.3922,IN,Asia/Kolkata,0,5.5,India
Chanda,19.95076,79.29523,IN,Asia/Kolkata,0,5.5,India
Bhilwara,25.34707,74.64081,IN,Asia/Kolkata,0,5.5,India
Brahmapur,19.31151,84.7929,IN,Asia/Kolkata,0,5.5,India
Shahjanpur,27.88165,79.90918,IN,Asia/Kolkata,0,5.5,India
Shimoga,13.93157,75.56791,IN,Asia/Kolkata,0,5.5,India
New Delhi,28.63576,77.22445,IN,Asia/Kolkata,0,5.5,India
Rohtak,28.89447,76.58917,IN,Asia/Kolkata,0,5.5,India
Thrissur,10.51667,76.21667,IN,Asia/Kolkata,0,5.5,India
Tumkur,13.34136,77.1022,IN,Asia/Kolkata,0,5.5,India
Firozabad,27.15092,78.39781,IN,Asia/Kolkata,0,5.5,India
Nizamabad,18.67154,78.0988,IN,Asia/Kolkata,0,5.5,India
Kulti,23.73166,86.84372,IN,Asia/Kolkata,0,5.5,India
Barddhaman,23.25572,87.85691,IN,Asia/Kolkata,0,5.5,India
Barasat,22.72154,88.48198,IN,Asia/Kolkata,0,5.5,India
Mulugu,18.191,79.943,IN,Asia/Kolkata,0,5.5,India
Bali,22.64859,88.34115,IN,Asia/Kolkata,0,5.5,India
Hisar,29.15394,75.72294,IN,Asia/Kolkata,0,5.5,India
Rampur,28.81014,79.02699,IN,Asia/Kolkata,0,5.5,India
Noida,28.58,77.33,IN,Asia/Kolkata,0,5.5,India
Greater Noida,28.49615,77.53601,IN,Asia/Kolkata,0,5.5,India
Kakinada,16.96036,82.23809,IN,Asia/Kolkata,0,5.5,India
Panipat,29.38747,76.96825,IN,Asia/Kolkata,0,5.5,India
Dindigul,10.36896,77.98036,IN,Asia/Kolkata,0,5.5,India
Thanjavur,10.78523,79.13909,IN,Asia/Kolkata,0,5.5,India
Parbhani,19.26855,76.77081,IN,Asia/Kolkata,0,5.5,India
Darbhanga,26.15216,85.89707,IN,Asia/Kolkata,0,5.5,India
Alwar,27.56246,76.625,IN,Asia/Kolkata,0,5.5,India
Bilaspur,22.08005,82.15543,IN,Asia/Kolkata,0,5.5,India
Ichalkaranji,16.69117,74.46054,IN,Asia/Kolkata,0,5.5,India
Bijapur,16.82442,75.71537,IN,Asia/Kolkata,0,5.5,India
Aizawl,23.72894,92.71791,IN,Asia/Kolkata,0,5.5,India
Ranipet,12.92471,79.33331,IN,Asia/Kolkata,0,5.5,India
Jalna,19.84102,75.88636,IN,Asia/Kolkata,0,5.5,India
Lal Bahadur Nagar,17.34769,78.55757,IN,Asia/Kolkata,0,5.5,India
Dewas,22.96585,76.05526,IN,Asia/Kolkata,0,5.5,India
Baranagar,22.64132,88.37727,IN,Asia/Kolkata,0,5.5,India
Gajuwaka,17.7,83.21667,IN,Asia/Kolkata,0,5.5,India
Satna,24.57726,80.82719,IN,Asia/Kolkata,0,5.5,India
Etawah,26.77615,79.02133,IN,Asia/Kolkata,0,5.5,India
Durg,21.19147,81.27619,IN,Asia/Kolkata,0,5.5,India
Naihati,22.89396,88.41521,IN,Asia/Kolkata,0,5.5,India
Tirupati,13.63551,79.41989,IN,Asia/Kolkata,0,5.5,India
Sonipat,28.99478,77.01937,IN,Asia/Kolkata,0,5.5,India
Avadi,13.1147,80.10981,IN,Asia/Kolkata,0,5.5,India
Tiruvottiyur,13.15823,80.30181,IN,Asia/Kolkata,0,5.5,India
Saugor,23.83877,78.73874,IN,Asia/Kolkata,0,5.5,India
Mau,25.94167,83.56111,IN,Asia/Kolkata,0,5.5,India
Bihar Sharif,25.20084,85.52389,IN,Asia/Kolkata,0,5.5,India
Hapur,28.72985,77.78068,IN,Asia/Kolkata,0,5.5,India
Bathinda,30.20747,74.93893,IN,Asia/Kolkata,0,5.5,India
Farrukhabad,27.39134,79.5793,IN,Asia/Kolkata,0,5.5,India
Alappuzha,9.49004,76.3264,IN,Asia/Kolkata,0,5.5,India
Anantapur,14.67784,77.60813,IN,Asia/Kolkata,0,5.5,India
Ratlam,23.33033,75.04032,IN,Asia/Kolkata,0,5.5,India
Ramagundam,18.755,79.474,IN,Asia/Kolkata,0,5.5,India
Sivakasi,9.44999,77.79797,IN,Asia/Kolkata,0,5.5,India
Karur,10.95771,78.08095,IN,Asia/Kolkata,0,5.5,India
Ooty,11.4134,76.69521,IN,Asia/Kolkata,0,5.5,India
Ganganagar,29.92009,73.87496,IN,Asia/Kolkata,0,5.5,India
Hosur,12.73647,77.83264,IN,Asia/Kolkata,0,5.5,India
Bharatpur,27.21731,77.49009,IN,Asia/Kolkata,0,5.5,India
Karimnagar,18.43915,79.12856,IN,Asia/Kolkata,0,5.5,India
Shrirampur,22.75278,88.34222,IN,Asia/Kolkata,0,5.5,India
Raichur,16.20546,77.35567,IN,Asia/Kolkata,0,5.5,India
Quthbullapur,17.50107,78.45818,IN,Asia/Kolkata,0,5.5,India
Karnal,29.69197,76.98448,IN,Asia/Kolkata,0,5.5,India
Nagercoil,8.17899,77.43227,IN,Asia/Kolkata,0,5.5,India
Arrah,25.55629,84.66335,IN,Asia/Kolkata,0,5.5,India
Imphal,24.80805,93.9442,IN,Asia/Kolkata,0,5.5,India
Gosaba,22.16547,88.8007,IN,Asia/Kolkata,0,5.5,India
Kanchipuram,12.83515,79.70006,IN,Asia/Kolkata,0,5.5,India
Mirzapur,25.1449,82.56534,IN,Asia/Kolkata,0,5.5,India
Kharagpur,22.33971,87.32501,IN,Asia/Kolkata,0,5.5,India
Amarnath,19.2,73.16667,IN,Asia/Kolkata,0,5.5,India
Pali,25.77276,73.32335,IN,Asia/Kolkata,0,5.5,India
Yamunanagar,30.12796,77.28371,IN,Asia/Kolkata,0,5.5,India
Rewa,24.53256,81.29234,IN,Asia/Kolkata,0,5.5,India
Secunderabad,17.50427,78.54263,IN,Asia/Kolkata,0,5.5,India
Bidar,17.90802,77.51524,IN,Asia/Kolkata,0,5.5,India
Agartala,23.83605,91.27939,IN,Asia/Kolkata,0,5.5,India
Monghyr,25.37459,86.47455,IN,Asia/Kolkata,0,5.5,India
Deoghar,24.48983,86.69902,IN,Asia/Kolkata,0,5.5,India
Burhanpur,21.30868,76.23026,IN,Asia/Kolkata,0,5.5,India
Nadiad,22.69385,72.86157,IN,Asia/Kolkata,0,5.5,India
Chapra,25.78031,84.74709,IN,Asia/Kolkata,0,5.5,India
Panchkula,30.69461,76.8504,IN,Asia/Kolkata,0,5.5,India
Gyanpur,25.33268,82.46637,IN,Asia/Kolkata,0,5.5,India
Sikar,27.61206,75.13996,IN,Asia/Kolkata,0,5.5,India
Bulandshahr,28.40392,77.85773,IN,Asia/Kolkata,0,5.5,India
Purnia,25.77895,87.47422,IN,Asia/Kolkata,0,5.5,India
Hospet,15.26954,76.3871,IN,Asia/Kolkata,0,5.5,India
Gurgaon,28.4601,77.02635,IN,Asia/Kolkata,0,5.5,India
Sambhal,28.58498,78.56959,IN,Asia/Kolkata,0,5.5,India
Gandhinagar,23.21667,72.68333,IN,Asia/Kolkata,0,5.5,India
Murwara,23.83776,80.39405,IN,Asia/Kolkata,0,5.5,India
Kumarapalayam,11.44495,77.71102,IN,Asia/Kolkata,0,5.5,India
Nangloi Jat,28.67957,77.06799,IN,Asia/Kolkata,0,5.5,India
Machilipatnam,16.18747,81.13888,IN,Asia/Kolkata,0,5.5,India
Katihar,25.53852,87.57044,IN,Asia/Kolkata,0,5.5,India
Bhiwani,28.79304,76.13968,IN,Asia/Kolkata,0,5.5,India
Raebareli,26.2309,81.23315,IN,Asia/Kolkata,0,5.5,India
Haridwar,29.94791,78.16025,IN,Asia/Kolkata,0,5.5,India
Singrauli,24.19973,82.67535,IN,Asia/Kolkata,0,5.5,India
Phusro,23.75644,86.0051,IN,Asia/Kolkata,0,5.5,India
Junagadh,21.51966,70.45981,IN,Asia/Kolkata,0,5.5,India
Sujangarh,27.7,74.46667,IN,Asia/Kolkata,0,5.5,India
Ellore,16.71311,81.10437,IN,Asia/Kolkata,0,5.5,India
Bhusaval,21.04365,75.78506,IN,Asia/Kolkata,0,5.5,India
Khandwa,21.82427,76.35086,IN,Asia/Kolkata,0,5.5,India
Bahraigh,27.57429,81.59474,IN,Asia/Kolkata,0,5.5,India
Karaikkudi,10.06615,78.76784,IN,Asia/Kolkata,0,5.5,India
Sirsa,29.53489,75.02898,IN,Asia/Kolkata,0,5.5,India
Chandannagar,22.86225,88.36796,IN,Asia/Kolkata,0,5.5,India
Baharampur,24.10473,88.25155,IN,Asia/Kolkata,0,5.5,India
Shahuwadi,16.90993,73.94654,IN,Asia/Kolkata,0,5.5,India
Surendranagar,22.72706,71.64856,IN,Asia/Kolkata,0,5.5,India
Vizianagaram,18.11692,83.41148,IN,Asia/Kolkata,0,5.5,India
Neyveli,11.60877,79.4994,IN,Asia/Kolkata,0,5.5,India
Proddatur,14.7502,78.54813,IN,Asia/Kolkata,0,5.5,India
Hugli,22.90877,88.39674,IN,Asia/Kolkata,0,5.5,India
Amroha,28.90314,78.46984,IN,Asia/Kolkata,0,5.5,India
Tambaram,12.9246,80.12707,IN,Asia/Kolkata,0,5.5,India
Pathankot,32.27484,75.65287,IN,Asia/Kolkata,0,5.5,India
Bhind,26.56671,78.78728,IN,Asia/Kolkata,0,5.5,India
Cuddalore,11.75617,79.76693,IN,Asia/Kolkata,0,5.5,India
Shimla,31.10442,77.16662,IN,Asia/Kolkata,0,5.5,India
Ongole,15.50357,80.04454,IN,Asia/Kolkata,0,5.5,India
Gadag-Betageri,15.4167,75.6167,IN,Asia/Kolkata,0,5.5,India
Navsari,20.94237,72.92467,IN,Asia/Kolkata,0,5.5,India
Puri,19.79825,85.82494,IN,Asia/Kolkata,0,5.5,India
Haldia,22.06046,88.10975,IN,Asia/Kolkata,0,5.5,India
Khammam,17.24767,80.14368,IN,Asia/Kolkata,0,5.5,India
Raiganj,25.61281,88.12449,IN,Asia/Kolkata,0,5.5,India
Ingraj Bazar,25.00447,88.14573,IN,Asia/Kolkata,0,5.5,India
Jaunpur,25.75356,82.68689,IN,Asia/Kolkata,0,5.5,India
Kumbakonam,10.96209,79.39124,IN,Asia/Kolkata,0,5.5,India
Fatehpur,25.92774,80.81266,IN,Asia/Kolkata,0,5.5,India
Gandhidham,23.08333,70.13333,IN,Asia/Kolkata,0,5.5,India
Nandyal,15.47799,78.4836,IN,Asia/Kolkata,0,5.5,India
Udupi,13.33467,74.74617,IN,Asia/Kolkata,0,5.5,India
Loni,28.75143,77.29023,IN,Asia/Kolkata,0,5.5,India
Sitapur,27.56192,80.68265,IN,Asia/Kolkata,0,5.5,India
Shivpuri,25.42378,77.66223,IN,Asia/Kolkata,0,5.5,India
Bhadravati,13.84846,75.70502,IN,Asia/Kolkata,0,5.5,India
Adoni,15.62788,77.27495,IN,Asia/Kolkata,0,5.5,India
Veraval,20.9077,70.36786,IN,Asia/Kolkata,0,5.5,India
Sambalpur,21.46527,83.97573,IN,Asia/Kolkata,0,5.5,India
Gadag,15.42977,75.62971,IN,Asia/Kolkata,0,5.5,India
Unnao,26.54706,80.48781,IN,Asia/Kolkata,0,5.5,India
Budaun,28.03811,79.12668,IN,Asia/Kolkata,0,5.5,India
Jind,29.31577,76.31502,IN,Asia/Kolkata,0,5.5,India
Madhyamgram,22.68944,88.44594,IN,Asia/Kolkata,0,5.5,India
Jamuria,23.70468,87.07872,IN,Asia/Kolkata,0,5.5,India
Jaigaon,26.84766,89.37558,IN,Asia/Kolkata,0,5.5,India
Orai,25.99023,79.45334,IN,Asia/Kolkata,0,5.5,India
Hoshiarpur,31.53723,75.91269,IN,Asia/Kolkata,0,5.5,India
Pallavaram,12.96796,80.15025,IN,Asia/Kolkata,0,5.5,India
Hanumangarh,29.58182,74.32938,IN,Asia/Kolkata,0,5.5,India
Alandur,13.0025,80.20611,IN,Asia/Kolkata,0,5.5,India
Guna,24.64691,77.3113,IN,Asia/Kolkata,0,5.5,India
Bahadurgarh,28.69287,76.93555,IN,Asia/Kolkata,0,5.5,India
Hazaribagh,23.99241,85.36162,IN,Asia/Kolkata,0,5.5,India
Bharuch,21.69482,72.9805,IN,Asia/Kolkata,0,5.5,India
Medinipur,22.42114,87.32257,IN,Asia/Kolkata,0,5.5,India
Fyzabad,26.77549,82.15018,IN,Asia/Kolkata,0,5.5,India
Dinapore,25.63705,85.04794,IN,Asia/Kolkata,0,5.5,India
Silchar,24.82733,92.79787,IN,Asia/Kolkata,0,5.5,India
Banda,25.47758,80.33491,IN,Asia/Kolkata,0,5.5,India
Morena,26.49892,77.99534,IN,Asia/Kolkata,0,5.5,India
Tonk,26.16638,75.78824,IN,Asia/Kolkata,0,5.5,India
Raj-Nandgaon,21.09687,81.0289,IN,Asia/Kolkata,0,5.5,India
Serilingampalle,17.49313,78.30196,IN,Asia/Kolkata,0,5.5,India
Virar,19.45591,72.81136,IN,Asia/Kolkata,0,5.5,India
Malkajgiri,17.44781,78.52633,IN,Asia/Kolkata,0,5.5,India
Shantipur,23.24723,88.43302,IN,Asia/Kolkata,0,5.5,India
Barakpur,22.76602,88.36336,IN,Asia/Kolkata,0,5.5,India
Ambala,30.36099,76.79782,IN,Asia/Kolkata,0,5.5,India
Krishnanagar,23.40576,88.49073,IN,Asia/Kolkata,0,5.5,India
Saharsa,25.87498,86.59611,IN,Asia/Kolkata,0,5.5,India
Batala,31.80921,75.20294,IN,Asia/Kolkata,0,5.5,India
Bhimavaram,16.54078,81.52322,IN,Asia/Kolkata,0,5.5,India
Balurghat,25.22099,88.77732,IN,Asia/Kolkata,0,5.5,India
Kaithal,29.80153,76.39959,IN,Asia/Kolkata,0,5.5,India
Lakhimpur,27.94822,80.77935,IN,Asia/Kolkata,0,5.5,India
Vidisha,23.52604,77.81092,IN,Asia/Kolkata,0,5.5,India
Haldwani,29.22254,79.5286,IN,Asia/Kolkata,0,5.5,India
Habra,22.84202,88.65606,IN,Asia/Kolkata,0,5.5,India
Porbandar,21.64219,69.60929,IN,Asia/Kolkata,0,5.5,India
Chitradurga,14.22262,76.40038,IN,Asia/Kolkata,0,5.5,India
Thanesar,29.97323,76.83214,IN,Asia/Kolkata,0,5.5,India
Tiruvannamalai,12.22662,79.07461,IN,Asia/Kolkata,0,5.5,India
Anand,22.55251,72.9552,IN,Asia/Kolkata,0,5.5,India
Kanchrapara,22.95998,88.42849,IN,Asia/Kolkata,0,5.5,India
Mahbubnagar,16.74385,77.98597,IN,Asia/Kolkata,0,5.5,India
Dimapur,25.91174,93.7217,IN,Asia/Kolkata,0,5.5,India
Robertsonpet,12.95629,78.27539,IN,Asia/Kolkata,0,5.5,India
Chhindwara,22.05697,78.93958,IN,Asia/Kolkata,0,5.5,India
Mandya,12.5223,76.89746,IN,Asia/Kolkata,0,5.5,India
Bankura,23.23241,87.0716,IN,Asia/Kolkata,0,5.5,India
Hajipur,25.68544,85.20981,IN,Asia/Kolkata,0,5.5,India
Gonda City,27.13181,81.95332,IN,Asia/Kolkata,0,5.5,India
Bhuj,23.25397,69.66928,IN,Asia/Kolkata,0,5.5,India
Hindupur,13.82807,77.49143,IN,Asia/Kolkata,0,5.5,India
Shillong,25.56892,91.88313,IN,Asia/Kolkata,0,5.5,India
Palakkad,10.77319,76.65366,IN,Asia/Kolkata,0,5.5,India
Godhra,22.77547,73.61488,IN,Asia/Kolkata,0,5.5,India
Kishangarh,26.59006,74.85397,IN,Asia/Kolkata,0,5.5,India
Raniganj,23.6164,87.13061,IN,Asia/Kolkata,0,5.5,India
Pilibhit,28.63124,79.80436,IN,Asia/Kolkata,0,5.5,India
Beawar,26.10119,74.32028,IN,Asia/Kolkata,0,5.5,India
Abohar,30.14453,74.19552,IN,Asia/Kolkata,0,5.5,India
Moga,30.81383,75.16878,IN,Asia/Kolkata,0,5.5,India
Dehri,24.90247,84.18217,IN,Asia/Kolkata,0,5.5,India
Deoria,26.50167,83.77936,IN,Asia/Kolkata,0,5.5,India
Hassan,13.00715,76.0962,IN,Asia/Kolkata,0,5.5,India
Khardah,22.71861,88.37806,IN,Asia/Kolkata,0,5.5,India
Yavatmal,20.39324,78.13201,IN,Asia/Kolkata,0,5.5,India
Halisahar,22.93218,88.41859,IN,Asia/Kolkata,0,5.5,India
Panvel,18.98878,73.11013,IN,Asia/Kolkata,0,5.5,India
Titagarh,22.74252,88.37326,IN,Asia/Kolkata,0,5.5,India
Kadapa,14.47995,78.82346,IN,Asia/Kolkata,0,5.5,India
Bettiah,26.80229,84.50311,IN,Asia/Kolkata,0,5.5,India
Hathras,27.59551,78.05201,IN,Asia/Kolkata,0,5.5,India
Lalitpur,24.69007,78.41915,IN,Asia/Kolkata,0,5.5,India
Kolar,13.13768,78.12999,IN,Asia/Kolkata,0,5.5,India
Mandsaur,24.07184,75.06986,IN,Asia/Kolkata,0,5.5,India
Gondia,21.46026,80.19205,IN,Asia/Kolkata,0,5.5,India
Rajapalaiyam,9.45296,77.55335,IN,Asia/Kolkata,0,5.5,India
Darjiling,27.03333,88.26667,IN,Asia/Kolkata,0,5.5,India
Mohali,30.67995,76.72211,IN,Asia/Kolkata,0,5.5,India
Palanpur,24.17128,72.43827,IN,Asia/Kolkata,0,5.5,India
Dam Dam,22.63341,88.42286,IN,Asia/Kolkata,0,5.5,India
Hardoi,27.39491,80.13165,IN,Asia/Kolkata,0,5.5,India
Puruliya,23.33062,86.36303,IN,Asia/Kolkata,0,5.5,India
Dibrugarh,27.47989,94.90837,IN,Asia/Kolkata,0,5.5,India
Palwal,28.14469,77.32546,IN,Asia/Kolkata,0,5.5,India
Nalgonda,17.05439,79.26707,IN,Asia/Kolkata,0,5.5,India
Bhadreswar,22.82449,88.33841,IN,Asia/Kolkata,0,5.5,India
Vejalpur,22.69021,73.56299,IN,Asia/Kolkata,0,5.5,India
Chikmagalur,13.32231,75.774,IN,Asia/Kolkata,0,5.5,India
Raigarh,21.89764,83.3966,IN,Asia/Kolkata,0,5.5,India
Guntakal Junction,15.17112,77.36244,IN,Asia/Kolkata,0,5.5,India
Gangapur,26.47249,76.71744,IN,Asia/Kolkata,0,5.5,India
Deoli,28.50254,77.23117,IN,Asia/Kolkata,0,5.5,India
Siwan,26.22096,84.35609,IN,Asia/Kolkata,0,5.5,India
Damoh,23.83312,79.4419,IN,Asia/Kolkata,0,5.5,India
Adilabad,19.67203,78.5359,IN,Asia/Kolkata,0,5.5,India
Srikakulam,18.2989,83.89751,IN,Asia/Kolkata,0,5.5,India
Uppal Kalan,17.40577,78.55911,IN,Asia/Kolkata,0,5.5,India
Jetpur,21.75482,70.62347,IN,Asia/Kolkata,0,5.5,India
Morbi,22.81731,70.8377,IN,Asia/Kolkata,0,5.5,India
Patan,23.8507,72.12963,IN,Asia/Kolkata,0,5.5,India
Khanna,30.70547,76.22196,IN,Asia/Kolkata,0,5.5,India
Botad,22.16917,71.66671,IN,Asia/Kolkata,0,5.5,India
Rishra,22.72394,88.34563,IN,Asia/Kolkata,0,5.5,India
Azamgarh,26.06832,83.18358,IN,Asia/Kolkata,0,5.5,India
Yelahanka,13.10073,77.59632,IN,Asia/Kolkata,0,5.5,India
Gudivada,16.43547,80.99555,IN,Asia/Kolkata,0,5.5,India
Baidyabati,22.78498,88.32586,IN,Asia/Kolkata,0,5.5,India
Basti,26.78817,82.71617,IN,Asia/Kolkata,0,5.5,India
Balasore,21.49266,86.93348,IN,Asia/Kolkata,0,5.5,India
Dharmavaram,14.41435,77.72035,IN,Asia/Kolkata,0,5.5,India
Maler Kotla,30.5309,75.87949,IN,Asia/Kolkata,0,5.5,India
Wardha,20.73933,78.59784,IN,Asia/Kolkata,0,5.5,India
Jhunjhunun,28.12559,75.39797,IN,Asia/Kolkata,0,5.5,India
Satara,17.68589,73.99333,IN,Asia/Kolkata,0,5.5,India
Chanduasi,28.45178,78.78277,IN,Asia/Kolkata,0,5.5,India
Mothihari,26.64862,84.91656,IN,Asia/Kolkata,0,5.5,India
Chas,23.63556,86.16712,IN,Asia/Kolkata,0,5.5,India
Pudukkottai,10.38128,78.82141,IN,Asia/Kolkata,0,5.5,India
Dharashiv,18.18158,76.03889,IN,Asia/Kolkata,0,5.5,India
Rewari,28.199,76.6183,IN,Asia/Kolkata,0,5.5,India
Port Blair,11.66613,92.74635,IN,Asia/Kolkata,0,5.5,India
Suriapet,17.14054,79.62045,IN,Asia/Kolkata,0,5.5,India
Bangaon,23.04553,88.83084,IN,Asia/Kolkata,0,5.5,India
Chhatarpur,24.9177,79.58871,IN,Asia/Kolkata,0,5.5,India
Ashoknagar Kalyangarh,22.86416,88.63701,IN,Asia/Kolkata,0,5.5,India
Achalpur,21.25665,77.51006,IN,Asia/Kolkata,0,5.5,India
Navadwip,23.4067,88.36861,IN,Asia/Kolkata,0,5.5,India
Barsi,18.23454,75.69275,IN,Asia/Kolkata,0,5.5,India
Sultanpur,26.25788,82.07269,IN,Asia/Kolkata,0,5.5,India
Ambur,12.79163,78.71644,IN,Asia/Kolkata,0,5.5,India
Narmadapuram,22.74747,77.72736,IN,Asia/Kolkata,0,5.5,India
Sawai Madhopur,26.02301,76.34408,IN,Asia/Kolkata,0,5.5,India
Madanapalle,13.5503,78.50288,IN,Asia/Kolkata,0,5.5,India
Bansbaria,22.95387,88.40098,IN,Asia/Kolkata,0,5.5,India
Tadepallegudem,16.81467,81.52717,IN,Asia/Kolkata,0,5.5,India
Jalpaiguri,26.51667,88.73333,IN,Asia/Kolkata,0,5.5,India
Chittaurgarh,24.88963,74.62403,IN,Asia/Kolkata,0,5.5,India
Gangawati,15.4313,76.52933,IN,Asia/Kolkata,0,5.5,India
Khurja,28.25382,77.85535,IN,Asia/Kolkata,0,5.5,India
Ponnani,10.76695,75.92523,IN,Asia/Kolkata,0,5.5,India
Barnala,30.37451,75.5487,IN,Asia/Kolkata,0,5.5,India
Badlapur,19.15516,73.26553,IN,Asia/Kolkata,0,5.5,India
Soyibug,34.07677,74.7057,IN,Asia/Kolkata,0,5.5,India
Roorkee,29.86632,77.89118,IN,Asia/Kolkata,0,5.5,India
Bagaha,27.09918,84.09003,IN,Asia/Kolkata,0,5.5,India
Churu,28.30415,74.96718,IN,Asia/Kolkata,0,5.5,India
Nagda,23.45834,75.41759,IN,Asia/Kolkata,0,5.5,India
Kashipur,29.21399,78.95693,IN,Asia/Kolkata,0,5.5,India
Ghazipur,25.58333,83.58526,IN,Asia/Kolkata,0,5.5,India
Begusarai,25.41853,86.13389,IN,Asia/Kolkata,0,5.5,India
Amaravati,16.514,80.516,IN,Asia/Kolkata,0,5.5,India
Dhaulpur,26.69286,77.87968,IN,Asia/Kolkata,0,5.5,India
Mormugao,15.38914,73.81491,IN,Asia/Kolkata,0,5.5,India
Ferozepore,30.92574,74.61311,IN,Asia/Kolkata,0,5.5,India
Gondal,21.96074,70.80255,IN,Asia/Kolkata,0,5.5,India
Malappuram,11.04199,76.08154,IN,Asia/Kolkata,0,5.5,India
Seoni,22.08503,79.55037,IN,Asia/Kolkata,0,5.5,India
Jagadhri,30.16719,77.30367,IN,Asia/Kolkata,0,5.5,India
Mirialguda,16.8722,79.56247,IN,Asia/Kolkata,0,5.5,India
Udgir,18.39258,77.11756,IN,Asia/Kolkata,0,5.5,India
Chirmiri,23.19073,82.35314,IN,Asia/Kolkata,0,5.5,India
Jamalpur,25.31258,86.48888,IN,Asia/Kolkata,0,5.5,India
Nandurbar,21.36671,74.24051,IN,Asia/Kolkata,0,5.5,India
Itarsi,22.61477,77.76222,IN,Asia/Kolkata,0,5.5,India
Vasco da Gama,15.39585,73.81568,IN,Asia/Kolkata,0,5.5,India
Phagwara,31.22452,75.77387,IN,Asia/Kolkata,0,5.5,India
Airoli,19.15096,72.99625,IN,Asia/Kolkata,0,5.5,India
Amreli,21.59983,71.21169,IN,Asia/Kolkata,0,5.5,India
Shikohabad,27.108,78.58661,IN,Asia/Kolkata,0,5.5,India
Kasganj,27.80882,78.64579,IN,Asia/Kolkata,0,5.5,India
Sehore,23.2,77.08333,IN,Asia/Kolkata,0,5.5,India
Ranibennur,14.62239,75.62951,IN,Asia/Kolkata,0,5.5,India
Jagtial,18.79473,78.91661,IN,Asia/Kolkata,0,5.5,India
Bhadrakh,21.05447,86.5156,IN,Asia/Kolkata,0,5.5,India
Bundi,25.43855,75.63735,IN,Asia/Kolkata,0,5.5,India
Mughal Sarai,25.28307,83.11968,IN,Asia/Kolkata,0,5.5,India
Shamli,29.4497,77.30959,IN,Asia/Kolkata,0,5.5,India
Hinganghat,20.54875,78.83978,IN,Asia/Kolkata,0,5.5,India
Villupuram,11.93975,79.49244,IN,Asia/Kolkata,0,5.5,India
Amalner,21.03983,75.05887,IN,Asia/Kolkata,0,5.5,India
Bagalkot,16.18673,75.69614,IN,Asia/Kolkata,0,5.5,India
Tellicherry,11.74811,75.4929,IN,Asia/Kolkata,0,5.5,India
Narasaraopet,16.23488,80.04927,IN,Asia/Kolkata,0,5.5,India
Nagaur,27.20201,73.73394,IN,Asia/Kolkata,0,5.5,India
Nawada,24.8867,85.54364,IN,Asia/Kolkata,0,5.5,India
Jahanabad,25.21368,84.9871,IN,Asia/Kolkata,0,5.5,India
Chalisgaon,20.45781,75.01596,IN,Asia/Kolkata,0,5.5,India
Buxar,25.57548,83.98043,IN,Asia/Kolkata,0,5.5,India
Aurangabad,24.75204,84.3742,IN,Asia/Kolkata,0,5.5,India
Sahibganj,25.24425,87.63481,IN,Asia/Kolkata,0,5.5,India
Pandharpur,17.67924,75.33098,IN,Asia/Kolkata,0,5.5,India
Hindaun,26.73411,77.03519,IN,Asia/Kolkata,0,5.5,India
Khargone,21.82292,75.61394,IN,Asia/Kolkata,0,5.5,India
Parli Vaijnath,18.85057,76.53163,IN,Asia/Kolkata,0,5.5,India
Kishanganj,26.10224,87.95534,IN,Asia/Kolkata,0,5.5,India
Mainpuri,27.22857,79.02882,IN,Asia/Kolkata,0,5.5,India
Khamgaon,20.70738,76.56827,IN,Asia/Kolkata,0,5.5,India
Negapatam,10.76377,79.84313,IN,Asia/Kolkata,0,5.5,India
Chilakalurupet,16.08987,80.16705,IN,Asia/Kolkata,0,5.5,India
Gudiyatham,12.94601,78.87377,IN,Asia/Kolkata,0,5.5,India
Makrana,27.04361,74.72445,IN,Asia/Kolkata,0,5.5,India
Banswara,23.54109,74.4425,IN,Asia/Kolkata,0,5.5,India
Baraut,29.10199,77.26334,IN,Asia/Kolkata,0,5.5,India
Closepet,12.72181,77.28149,IN,Asia/Kolkata,0,5.5,India
Kalyani,22.9757,88.4337,IN,Asia/Kolkata,0,5.5,India
Tadpatri,14.90832,78.01031,IN,Asia/Kolkata,0,5.5,India
Kapurthala,31.38011,75.38105,IN,Asia/Kolkata,0,5.5,India
Disa,24.25612,72.17928,IN,Asia/Kolkata,0,5.5,India
Ballalpur,19.84696,79.34578,IN,Asia/Kolkata,0,5.5,India
Kohima,25.67467,94.11099,IN,Asia/Kolkata,0,5.5,India
Betul,21.90056,77.90229,IN,Asia/Kolkata,0,5.5,India
Bagaha,24.52898,85.06019,IN,Asia/Kolkata,0,5.5,India
Balangir,20.70419,83.49029,IN,Asia/Kolkata,0,5.5,India
Datia,25.67312,78.45908,IN,Asia/Kolkata,0,5.5,India
Valparai,10.32691,76.95116,IN,Asia/Kolkata,0,5.5,India
Kovilpatti,9.17167,77.86989,IN,Asia/Kolkata,0,5.5,India
Vaniyambadi,12.68162,78.62014,IN,Asia/Kolkata,0,5.5,India
Bhandara,21.16817,79.64885,IN,Asia/Kolkata,0,5.5,India
Roha,18.43687,73.11964,IN,Asia/Kolkata,0,5.5,India
Muktsar,30.47426,74.5166,IN,Asia/Kolkata,0,5.5,India
Luckeesarai,25.1765,86.0947,IN,Asia/Kolkata,0,5.5,India
Barmer,25.74572,71.39211,IN,Asia/Kolkata,0,5.5,India
Muradnagar,28.78069,77.49865,IN,Asia/Kolkata,0,5.5,India
Tinsukia,27.48905,95.35992,IN,Asia/Kolkata,0,5.5,India
Shahdol,23.29356,81.3619,IN,Asia/Kolkata,0,5.5,India
Manjeri,11.12018,76.11996,IN,Asia/Kolkata,0,5.5,India
Mahoba,25.2905,79.87533,IN,Asia/Kolkata,0,5.5,India
Contai,21.77985,87.74892,IN,Asia/Kolkata,0,5.5,India
Sangrur,30.24506,75.84488,IN,Asia/Kolkata,0,5.5,India
Pollachi,10.65825,77.0085,IN,Asia/Kolkata,0,5.5,India
Deoband,29.69505,77.67964,IN,Asia/Kolkata,0,5.5,India
Neyyattinkara,8.39854,77.08586,IN,Asia/Kolkata,0,5.5,India
Tanda,26.54953,82.65841,IN,Asia/Kolkata,0,5.5,India
Baran,25.1,76.51667,IN,Asia/Kolkata,0,5.5,India
Dhamtari,20.70718,81.54874,IN,Asia/Kolkata,0,5.5,India
Tiruchengode,11.38016,77.89444,IN,Asia/Kolkata,0,5.5,India
Chirala,15.82385,80.35219,IN,Asia/Kolkata,0,5.5,India
Jharia,23.74079,86.41456,IN,Asia/Kolkata,0,5.5,India
Akot,21.0963,77.0588,IN,Asia/Kolkata,0,5.5,India
Rajpura,30.47856,76.59284,IN,Asia/Kolkata,0,5.5,India
Madgaon,15.27501,73.95786,IN,Asia/Kolkata,0,5.5,India
Sardarshahr,28.44062,74.491,IN,Asia/Kolkata,0,5.5,India
Mayiladuthurai,11.10354,79.655,IN,Asia/Kolkata,0,5.5,India
Kamthi,21.21615,79.1973,IN,Asia/Kolkata,0,5.5,India
Paradip Garh,20.31641,86.6085,IN,Asia/Kolkata,0,5.5,India
Paramagudi,9.54633,78.5907,IN,Asia/Kolkata,0,5.5,India
Aruppukkottai,9.5096,78.09588,IN,Asia/Kolkata,0,5.5,India
Baruni,25.47509,85.96813,IN,Asia/Kolkata,0,5.5,India
Bijnor,29.373,78.13636,IN,Asia/Kolkata,0,5.5,India
Anakapalle,17.69134,83.00395,IN,Asia/Kolkata,0,5.5,India
Najibabad,29.61194,78.34274,IN,Asia/Kolkata,0,5.5,India
Dohad,22.83283,74.25986,IN,Asia/Kolkata,0,5.5,India
Ramgarh,23.6303,85.52156,IN,Asia/Kolkata,0,5.5,India
Kavali,14.9163,79.99449,IN,Asia/Kolkata,0,5.5,India
Fatehpur,27.99486,74.95628,IN,Asia/Kolkata,0,5.5,India
Jangipur,24.47001,88.07659,IN,Asia/Kolkata,0,5.5,India
Dhar,22.59373,75.29774,IN,Asia/Kolkata,0,5.5,India
Hansi,29.10239,75.96253,IN,Asia/Kolkata,0,5.5,India
Kadiri,14.11168,78.15982,IN,Asia/Kolkata,0,5.5,India
Dhoraji,21.73359,70.45004,IN,Asia/Kolkata,0,5.5,India
Rayachoti,14.05723,78.75056,IN,Asia/Kolkata,0,5.5,India
Khambhat,22.31744,72.61916,IN,Asia/Kolkata,0,5.5,India
Nirmal,19.09685,78.34407,IN,Asia/Kolkata,0,5.5,India
Emmiganur,15.77203,77.48345,IN,Asia/Kolkata,0,5.5,India
Jeypore,18.8563,82.5716,IN,Asia/Kolkata,0,5.5,India
Kotkapura,30.5819,74.83298,IN,Asia/Kolkata,0,5.5,India
Udhampur,32.92431,75.13573,IN,Asia/Kolkata,0,5.5,India
Kairana,29.39541,77.2054,IN,Asia/Kolkata,0,5.5,India
Balaghat,21.8156,80.18845,IN,Asia/Kolkata,0,5.5,India
Mansa,29.98844,75.40167,IN,Asia/Kolkata,0,5.5,India
Anantnag,33.73068,75.15418,IN,Asia/Kolkata,0,5.5,India
Karaikal,10.91667,79.83333,IN,Asia/Kolkata,0,5.5,India
Jharsuguda,21.85531,84.00698,IN,Asia/Kolkata,0,5.5,India
Brajarajnagar,21.81667,83.91667,IN,Asia/Kolkata,0,5.5,India
Kottagudem,17.55106,80.61779,IN,Asia/Kolkata,0,5.5,India
Nawabganj,26.93129,81.19841,IN,Asia/Kolkata,0,5.5,India
Arakkonam,13.08449,79.67053,IN,Asia/Kolkata,0,5.5,India
Koch Bihar,26.32539,89.44508,IN,Asia/Kolkata,0,5.5,India
Doddaballapura,13.29452,77.53777,IN,Asia/Kolkata,0,5.5,India
Bhadohi,25.39526,82.5703,IN,Asia/Kolkata,0,5.5,India
Katoya,23.64558,88.13258,IN,Asia/Kolkata,0,5.5,India
Jamui,24.92606,86.22531,IN,Asia/Kolkata,0,5.5,India
Harihar,14.51288,75.80716,IN,Asia/Kolkata,0,5.5,India
Mancheral,18.87074,79.42863,IN,Asia/Kolkata,0,5.5,India
Kadayanallur,9.07277,77.34152,IN,Asia/Kolkata,0,5.5,India
Daltonganj,24.03971,84.0658,IN,Asia/Kolkata,0,5.5,India
Faridkot,30.67399,74.75579,IN,Asia/Kolkata,0,5.5,India
Balrampur,27.42949,82.18545,IN,Asia/Kolkata,0,5.5,India
Baramula,34.209,74.34285,IN,Asia/Kolkata,0,5.5,India
Dhulian,24.68127,87.9535,IN,Asia/Kolkata,0,5.5,India
Mawana,29.10288,77.92199,IN,Asia/Kolkata,0,5.5,India
Budge Budge,22.48275,88.18176,IN,Asia/Kolkata,0,5.5,India
Kundla,21.34222,71.30633,IN,Asia/Kolkata,0,5.5,India
Manmad,20.25334,74.43755,IN,Asia/Kolkata,0,5.5,India
Kannauj,27.05524,79.9188,IN,Asia/Kolkata,0,5.5,India
Malaut,30.21121,74.4818,IN,Asia/Kolkata,0,5.5,India
Nagina,29.44433,78.43646,IN,Asia/Kolkata,0,5.5,India
Badagara,11.59776,75.58142,IN,Asia/Kolkata,0,5.5,India
Jagdalpur,19.08136,82.02131,IN,Asia/Kolkata,0,5.5,India
Jhumri Telaiya,24.4349,85.52951,IN,Asia/Kolkata,0,5.5,India
Konnagar,22.70508,88.34446,IN,Asia/Kolkata,0,5.5,India
Ratnagiri,16.99154,73.31022,IN,Asia/Kolkata,0,5.5,India
Hingoli,19.71464,77.14238,IN,Asia/Kolkata,0,5.5,India
Bodinayakkanur,10.01171,77.34976,IN,Asia/Kolkata,0,5.5,India
Khadki,18.5635,73.85205,IN,Asia/Kolkata,0,5.5,India
Dhrangadhra,22.99167,71.46793,IN,Asia/Kolkata,0,5.5,India
Paloncha,17.60184,80.70509,IN,Asia/Kolkata,0,5.5,India
Gudur,14.15093,79.8521,IN,Asia/Kolkata,0,5.5,India
Ankleshwar,21.63236,72.99001,IN,Asia/Kolkata,0,5.5,India
Tikamgarh,24.74327,78.83061,IN,Asia/Kolkata,0,5.5,India
Srivilliputhur,9.51272,77.63369,IN,Asia/Kolkata,0,5.5,India
Pilkhua,28.71271,77.656,IN,Asia/Kolkata,0,5.5,India
Ambajogai,18.73312,76.38616,IN,Asia/Kolkata,0,5.5,India
Bela,25.92058,81.99629,IN,Asia/Kolkata,0,5.5,India
Bodhan,18.66208,77.88581,IN,Asia/Kolkata,0,5.5,India
Rabkavi,16.47567,75.1106,IN,Asia/Kolkata,0,5.5,India
Karauli,26.49831,77.02755,IN,Asia/Kolkata,0,5.5,India
Savarkundla,21.33726,71.3035,IN,Asia/Kolkata,0,5.5,India
Shahabad,27.6431,79.9402,IN,Asia/Kolkata,0,5.5,India
Chandpur,29.13489,78.27187,IN,Asia/Kolkata,0,5.5,India
Gokak,16.16901,74.82393,IN,Asia/Kolkata,0,5.5,India
Sikandarabad,28.45226,77.70004,IN,Asia/Kolkata,0,5.5,India
Virudunagar,9.58509,77.95787,IN,Asia/Kolkata,0,5.5,India
Dausa,26.89,76.33584,IN,Asia/Kolkata,0,5.5,India
Valsad,20.61013,72.93428,IN,Asia/Kolkata,0,5.5,India
Ambikapur,23.11892,83.19537,IN,Asia/Kolkata,0,5.5,India
Palghar,19.69693,72.76543,IN,Asia/Kolkata,0,5.5,India
Dharapuram,10.73828,77.53223,IN,Asia/Kolkata,0,5.5,India
Chintamani,13.40051,78.05172,IN,Asia/Kolkata,0,5.5,India
Faridpur,28.20997,79.54149,IN,Asia/Kolkata,0,5.5,India
Pusad,19.91274,77.57838,IN,Asia/Kolkata,0,5.5,India
Madhubani,26.35367,86.07169,IN,Asia/Kolkata,0,5.5,India
Sirsilla,18.38865,78.81048,IN,Asia/Kolkata,0,5.5,India
Vapi,20.37175,72.90493,IN,Asia/Kolkata,0,5.5,India
Kamareddi,18.32001,78.34177,IN,Asia/Kolkata,0,5.5,India
Bolpur,23.66278,87.69695,IN,Asia/Kolkata,0,5.5,India
Ranaghat,23.17623,88.56667,IN,Asia/Kolkata,0,5.5,India
Fazilka,30.40207,74.02836,IN,Asia/Kolkata,0,5.5,India
Beypore,11.17151,75.80611,IN,Asia/Kolkata,0,5.5,India
Dadri,28.55257,77.55403,IN,Asia/Kolkata,0,5.5,India
Auraiya,26.46517,79.50918,IN,Asia/Kolkata,0,5.5,India
Bapatla,15.90422,80.46743,IN,Asia/Kolkata,0,5.5,India
Payyannur,12.0935,75.20249,IN,Asia/Kolkata,0,5.5,India
Talipparamba,12.04161,75.35927,IN,Asia/Kolkata,0,5.5,India
Tindivanam,12.234,79.65551,IN,Asia/Kolkata,0,5.5,India
Shirpur,21.34821,74.88035,IN,Asia/Kolkata,0,5.5,India
Basoda,23.85153,77.93652,IN,Asia/Kolkata,0,5.5,India
Jorhat,26.75751,94.20306,IN,Asia/Kolkata,0,5.5,India
Sindhnur,15.76983,76.75581,IN,Asia/Kolkata,0,5.5,India
Bargarh,21.33348,83.61905,IN,Asia/Kolkata,0,5.5,India
Washim,20.11128,77.133,IN,Asia/Kolkata,0,5.5,India
Visnagar,23.69855,72.5521,IN,Asia/Kolkata,0,5.5,India
Palwancha,17.58152,80.67651,IN,Asia/Kolkata,0,5.5,India
Keshod,21.30328,70.24861,IN,Asia/Kolkata,0,5.5,India
Kannangad,12.30814,75.10632,IN,Asia/Kolkata,0,5.5,India
Bisalpur,28.29253,79.80472,IN,Asia/Kolkata,0,5.5,India
Tanuku,16.75438,81.68143,IN,Asia/Kolkata,0,5.5,India
Attili,16.7,81.6,IN,Asia/Kolkata,0,5.5,India
Balotra,25.83242,72.24,IN,Asia/Kolkata,0,5.5,India
Pithampur,22.60197,75.69649,IN,Asia/Kolkata,0,5.5,India
Munnar,10.08818,77.06239,IN,Asia/Kolkata,0,5.5,India
Chamrajnagar,11.92312,76.93949,IN,Asia/Kolkata,0,5.5,India
Pattukkottai,10.42358,79.31949,IN,Asia/Kolkata,0,5.5,India
Jaisalmer,26.91763,70.90387,IN,Asia/Kolkata,0,5.5,India
Araria,26.14934,87.51323,IN,Asia/Kolkata,0,5.5,India
Harda Khas,22.34414,77.09536,IN,Asia/Kolkata,0,5.5,India
Sangamner,19.56784,74.21154,IN,Asia/Kolkata,0,5.5,India
Jaora,23.63783,75.12711,IN,Asia/Kolkata,0,5.5,India
Buldana,20.52933,76.18457,IN,Asia/Kolkata,0,5.5,India
Mettupalayam,11.29971,76.93485,IN,Asia/Kolkata,0,5.5,India
Anjar,23.11316,70.02671,IN,Asia/Kolkata,0,5.5,India
Bellampalli,19.05577,79.493,IN,Asia/Kolkata,0,5.5,India
Channapatna,12.65143,77.20672,IN,Asia/Kolkata,0,5.5,India
Ratangarh,28.08137,74.61854,IN,Asia/Kolkata,0,5.5,India
Krishnagiri,12.51921,78.21382,IN,Asia/Kolkata,0,5.5,India
Rishikesh,30.10778,78.29255,IN,Asia/Kolkata,0,5.5,India
Goyerkata,26.69984,89.02565,IN,Asia/Kolkata,0,5.5,India
Chaibasa,22.55038,85.80249,IN,Asia/Kolkata,0,5.5,India
Mandamarri,18.96506,79.47475,IN,Asia/Kolkata,0,5.5,India
Palani,10.45034,77.5209,IN,Asia/Kolkata,0,5.5,India
Narnaul,28.04444,76.10833,IN,Asia/Kolkata,0,5.5,India
Dharmapuri,12.1277,78.15794,IN,Asia/Kolkata,0,5.5,India
Fatehabad,29.51525,75.45554,IN,Asia/Kolkata,0,5.5,India
Palasa,18.77257,84.41012,IN,Asia/Kolkata,0,5.5,India
Basavakalyan,17.87445,76.94972,IN,Asia/Kolkata,0,5.5,India
Chengalpattu,12.69184,79.97661,IN,Asia/Kolkata,0,5.5,India
Chopda,21.24578,75.29946,IN,Asia/Kolkata,0,5.5,India
Panaji,15.49574,73.82624,IN,Asia/Kolkata,0,5.5,India
Thenkasi,8.96003,77.31525,IN,Asia/Kolkata,0,5.5,India
Yadgir,16.77007,77.13755,IN,Asia/Kolkata,0,5.5,India
Gangarampur,25.40138,88.52978,IN,Asia/Kolkata,0,5.5,India
Ramanathapuram,9.37158,78.83077,IN,Asia/Kolkata,0,5.5,India
Jagraon,30.78783,75.47391,IN,Asia/Kolkata,0,5.5,India
Alipur Duar,26.4835,89.52286,IN,Asia/Kolkata,0,5.5,India
Kopargaon,19.88239,74.47605,IN,Asia/Kolkata,0,5.5,India
Bongaigaon,26.47703,90.55815,IN,Asia/Kolkata,0,5.5,India
Malkapur,20.88555,76.19932,IN,Asia/Kolkata,0,5.5,India
Karanja,20.48273,77.48857,IN,Asia/Kolkata,0,5.5,India
Khatauli,29.27844,77.73302,IN,Asia/Kolkata,0,5.5,India
Ashoknagar,24.57578,77.73123,IN,Asia/Kolkata,0,5.5,India
Siuri,23.90806,87.52773,IN,Asia/Kolkata,0,5.5,India
Nabha,30.37577,76.15292,IN,Asia/Kolkata,0,5.5,India
Siddipet,18.10483,78.84858,IN,Asia/Kolkata,0,5.5,India
Bhawanipatna,19.90717,83.16697,IN,Asia/Kolkata,0,5.5,India
Khopoli,18.78562,73.34589,IN,Asia/Kolkata,0,5.5,India
Karwar,14.81361,74.12972,IN,Asia/Kolkata,0,5.5,India
Kayankulam,9.18173,76.50093,IN,Asia/Kolkata,0,5.5,India
Chinnachowk,14.47516,78.8354,IN,Asia/Kolkata,0,5.5,India
Bishnupur,23.0738,87.31991,IN,Asia/Kolkata,0,5.5,India
Markapur,15.73534,79.26848,IN,Asia/Kolkata,0,5.5,India
Basmat,19.32872,77.15746,IN,Asia/Kolkata,0,5.5,India
Baheri,28.77416,79.4974,IN,Asia/Kolkata,0,5.5,India
Kunnamkulam,10.64667,76.06695,IN,Asia/Kolkata,0,5.5,India
Raghogarh,24.44318,77.19768,IN,Asia/Kolkata,0,5.5,India
Gopalganj,26.46734,84.44041,IN,Asia/Kolkata,0,5.5,India
Tura,25.51421,90.20239,IN,Asia/Kolkata,0,5.5,India
Rajsamand,25.07145,73.8798,IN,Asia/Kolkata,0,5.5,India
Tandur,17.24849,77.57698,IN,Asia/Kolkata,0,5.5,India
Kalamassery,10.0614,76.32631,IN,Asia/Kolkata,0,5.5,India
Suratgarh,29.3215,73.89979,IN,Asia/Kolkata,0,5.5,India
Mannargudi,10.66626,79.45064,IN,Asia/Kolkata,0,5.5,India
Sopur,34.28671,74.47228,IN,Asia/Kolkata,0,5.5,India
Arni,12.66771,79.28529,IN,Asia/Kolkata,0,5.5,India
Kannur,11.86752,75.35763,IN,Asia/Kolkata,0,5.5,India
Dhuburi,26.01856,89.98564,IN,Asia/Kolkata,0,5.5,India
Puliyangudi,9.17489,77.39799,IN,Asia/Kolkata,0,5.5,India
Sheopur,25.66472,76.69616,IN,Asia/Kolkata,0,5.5,India
Renukut,24.21641,83.0358,IN,Asia/Kolkata,0,5.5,India
Dhenkanal,20.65744,85.59693,IN,Asia/Kolkata,0,5.5,India
Dabwali,29.94906,74.73832,IN,Asia/Kolkata,0,5.5,India
Sibsagar,26.98427,94.63784,IN,Asia/Kolkata,0,5.5,India
Rath,25.59474,79.5666,IN,Asia/Kolkata,0,5.5,India
Jamkhandi,16.50461,75.29146,IN,Asia/Kolkata,0,5.5,India
Sirsi,14.62072,74.83554,IN,Asia/Kolkata,0,5.5,India
Vriddhachalam,11.5183,79.32411,IN,Asia/Kolkata,0,5.5,India
Vinukonda,16.0531,79.73964,IN,Asia/Kolkata,0,5.5,India
Tiptur,13.2563,76.47768,IN,Asia/Kolkata,0,5.5,India
Sahaswan,28.07227,78.75082,IN,Asia/Kolkata,0,5.5,India
Koppal,15.34522,76.15478,IN,Asia/Kolkata,0,5.5,India
Sirhind,30.64321,76.38421,IN,Asia/Kolkata,0,5.5,India
Dabra,25.88572,78.33221,IN,Asia/Kolkata,0,5.5,India
Cumbum,9.73647,77.2847,IN,Asia/Kolkata,0,5.5,India
Arambagh,22.88333,87.78333,IN,Asia/Kolkata,0,5.5,India
Himatnagar,23.59893,72.96602,IN,Asia/Kolkata,0,5.5,India
Ladnun,27.65312,74.39993,IN,Asia/Kolkata,0,5.5,India
Nipani,16.399,74.38285,IN,Asia/Kolkata,0,5.5,India
Borsad,22.40788,72.89817,IN,Asia/Kolkata,0,5.5,India
Koratla,18.82154,78.71186,IN,Asia/Kolkata,0,5.5,India
Kiratpur,29.50671,78.20613,IN,Asia/Kolkata,0,5.5,India
Vrindavan,27.58105,77.69662,IN,Asia/Kolkata,0,5.5,India
Haveri,14.79354,75.40448,IN,Asia/Kolkata,0,5.5,India
Supaul,26.11527,86.59509,IN,Asia/Kolkata,0,5.5,India
Giridih,24.18622,86.30875,IN,Asia/Kolkata,0,5.5,India
Bangaon,25.86728,86.51152,IN,Asia/Kolkata,0,5.5,India
Rayadrug,14.69971,76.85241,IN,Asia/Kolkata,0,5.5,India
North Lakhimpur,27.23517,94.10357,IN,Asia/Kolkata,0,5.5,India
Tohana,29.71332,75.90441,IN,Asia/Kolkata,0,5.5,India
Gangoh,29.78004,77.26346,IN,Asia/Kolkata,0,5.5,India
Mangalagiri,16.43083,80.56815,IN,Asia/Kolkata,0,5.5,India
Narasapur,16.43425,81.69845,IN,Asia/Kolkata,0,5.5,India
Sangareddi,17.62477,78.08669,IN,Asia/Kolkata,0,5.5,India
Kodar,16.9985,79.9656,IN,Asia/Kolkata,0,5.5,India
Ullal,12.80569,74.86058,IN,Asia/Kolkata,0,5.5,India
Mangrol,21.12268,70.11484,IN,Asia/Kolkata,0,5.5,India
Gola Gokarannath,28.07837,80.47054,IN,Asia/Kolkata,0,5.5,India
Modasa,23.46253,73.29857,IN,Asia/Kolkata,0,5.5,India
Tezpur,26.63333,92.8,IN,Asia/Kolkata,0,5.5,India
Thiruvarur,10.77269,79.6368,IN,Asia/Kolkata,0,5.5,India
Attur,11.59414,78.60143,IN,Asia/Kolkata,0,5.5,India
Chidambaram,11.39933,79.69144,IN,Asia/Kolkata,0,5.5,India
Tarn Taran,31.45191,74.92777,IN,Asia/Kolkata,0,5.5,India
Udumalaippettai,10.58806,77.24779,IN,Asia/Kolkata,0,5.5,India
Lonavla,18.75275,73.40575,IN,Asia/Kolkata,0,5.5,India
Shahada,21.54538,74.47106,IN,Asia/Kolkata,0,5.5,India
Nawalgarh,27.85161,75.27384,IN,Asia/Kolkata,0,5.5,India
Nedumangad,8.60267,77.00139,IN,Asia/Kolkata,0,5.5,India
Nimbahera,24.62166,74.67999,IN,Asia/Kolkata,0,5.5,India
Kadi,23.29908,72.33362,IN,Asia/Kolkata,0,5.5,India
Sira,13.74155,76.9043,IN,Asia/Kolkata,0,5.5,India
Chik Ballapur,13.43512,77.72787,IN,Asia/Kolkata,0,5.5,India
Bardoli,21.12297,73.11151,IN,Asia/Kolkata,0,5.5,India
Jhargram,22.45384,86.99497,IN,Asia/Kolkata,0,5.5,India
Samastipur,25.86222,85.77953,IN,Asia/Kolkata,0,5.5,India
Gobichettipalayam,11.45496,77.4422,IN,Asia/Kolkata,0,5.5,India
Hasanpur,28.72249,78.28436,IN,Asia/Kolkata,0,5.5,India
Jahangirabad,28.40549,78.10588,IN,Asia/Kolkata,0,5.5,India
Sherkot,29.32704,78.57429,IN,Asia/Kolkata,0,5.5,India
Katras,23.79752,86.29834,IN,Asia/Kolkata,0,5.5,India
Palakollu,16.5167,81.73,IN,Asia/Kolkata,0,5.5,India
Wani,20.05507,78.95313,IN,Asia/Kolkata,0,5.5,India
Naksalbari,26.6827,88.22001,IN,Asia/Kolkata,0,5.5,India
Tiruvalla,9.3816,76.57489,IN,Asia/Kolkata,0,5.5,India
Ponnuru,16.06547,80.55203,IN,Asia/Kolkata,0,5.5,India
Diphu,25.84341,93.43116,IN,Asia/Kolkata,0,5.5,India
Sitamarhi,26.59357,85.4906,IN,Asia/Kolkata,0,5.5,India
Chhibramau,27.14872,79.50078,IN,Asia/Kolkata,0,5.5,India
Tilhar,27.96282,79.73827,IN,Asia/Kolkata,0,5.5,India
Ilkal,15.95923,76.11351,IN,Asia/Kolkata,0,5.5,India
Bada Barabil,22.11186,85.38684,IN,Asia/Kolkata,0,5.5,India
Mettur,11.78796,77.8008,IN,Asia/Kolkata,0,5.5,India
Kuchaman,27.14745,74.85655,IN,Asia/Kolkata,0,5.5,India
Panruti,11.77662,79.55269,IN,Asia/Kolkata,0,5.5,India
Una,20.82318,71.03795,IN,Asia/Kolkata,0,5.5,India
Ponnur,16.07114,80.54944,IN,Asia/Kolkata,0,5.5,India
Kollegal,12.15449,77.11051,IN,Asia/Kolkata,0,5.5,India
Shegaon,20.7932,76.69921,IN,Asia/Kolkata,0,5.5,India
Upleta,21.74015,70.28256,IN,Asia/Kolkata,0,5.5,India
Ujhani,28.00311,79.00821,IN,Asia/Kolkata,0,5.5,India
Bankra,22.60291,88.27751,IN,Asia/Kolkata,0,5.5,India
Dabhoi,22.18333,73.43333,IN,Asia/Kolkata,0,5.5,India
Bari,26.64661,77.61634,IN,Asia/Kolkata,0,5.5,India
Obra,24.41863,82.98797,IN,Asia/Kolkata,0,5.5,India
Gohana,29.13777,76.70247,IN,Asia/Kolkata,0,5.5,India
Jatani,20.15975,85.70742,IN,Asia/Kolkata,0,5.5,India
Namakkal,11.22126,78.16524,IN,Asia/Kolkata,0,5.5,India
Gadwal,16.23504,77.79556,IN,Asia/Kolkata,0,5.5,India
Palitana,21.52519,71.82309,IN,Asia/Kolkata,0,5.5,India
Nokha,27.56155,73.47141,IN,Asia/Kolkata,0,5.5,India
Laharpur,27.70827,80.90256,IN,Asia/Kolkata,0,5.5,India
Narwana,29.59903,76.11927,IN,Asia/Kolkata,0,5.5,India
Islampur,26.26541,88.18982,IN,Asia/Kolkata,0,5.5,India
Karad,17.28937,74.18183,IN,Asia/Kolkata,0,5.5,India
Kottayam,9.58692,76.52132,IN,Asia/Kolkata,0,5.5,India
Jalaun,26.1451,79.3366,IN,Asia/Kolkata,0,5.5,India
Karimganj,24.86919,92.35543,IN,Asia/Kolkata,0,5.5,India
Mokameh,25.39662,85.9219,IN,Asia/Kolkata,0,5.5,India
Etawa,24.18351,78.20289,IN,Asia/Kolkata,0,5.5,India
Wanparti,16.36738,78.06889,IN,Asia/Kolkata,0,5.5,India
Samalkot,17.05675,82.17639,IN,Asia/Kolkata,0,5.5,India
Anjangaon,21.16516,77.3091,IN,Asia/Kolkata,0,5.5,India
Dholka,22.72732,72.44128,IN,Asia/Kolkata,0,5.5,India
Tirur,10.91368,75.92118,IN,Asia/Kolkata,0,5.5,India
Kandi,23.95946,88.04018,IN,Asia/Kolkata,0,5.5,India
Ghatal,22.66244,87.73399,IN,Asia/Kolkata,0,5.5,India
Unjha,23.80366,72.39101,IN,Asia/Kolkata,0,5.5,India
Sendhwa,21.68562,75.09622,IN,Asia/Kolkata,0,5.5,India
Tiruttangal,9.48333,77.83333,IN,Asia/Kolkata,0,5.5,India
Siddhapur,23.91783,72.37212,IN,Asia/Kolkata,0,5.5,India
Dhuri,30.36846,75.86791,IN,Asia/Kolkata,0,5.5,India
Sidhi,24.4038,81.87954,IN,Asia/Kolkata,0,5.5,India
Wokha,26.09717,94.25817,IN,Asia/Kolkata,0,5.5,India
Kalna,23.21944,88.36295,IN,Asia/Kolkata,0,5.5,India
Baramati,18.15174,74.57767,IN,Asia/Kolkata,0,5.5,India
Kandukur,15.21542,79.9039,IN,Asia/Kolkata,0,5.5,India
Sunam,30.12883,75.79943,IN,Asia/Kolkata,0,5.5,India
Gaddi Annaram,17.36687,78.5242,IN,Asia/Kolkata,0,5.5,India
Sattenapalle,16.39381,80.15221,IN,Asia/Kolkata,0,5.5,India
Hiriyur,13.94455,76.61723,IN,Asia/Kolkata,0,5.5,India
Challakere,14.318,76.65165,IN,Asia/Kolkata,0,5.5,India
Rampur Hat,24.17737,87.78275,IN,Asia/Kolkata,0,5.5,India
Masaurhi Buzurg,25.35417,85.03195,IN,Asia/Kolkata,0,5.5,India
Nuzvid,16.78854,80.84593,IN,Asia/Kolkata,0,5.5,India
Shajapur,23.42637,76.27775,IN,Asia/Kolkata,0,5.5,India
Puttur,12.75975,75.20169,IN,Asia/Kolkata,0,5.5,India
Kasaragod,12.49838,74.98959,IN,Asia/Kolkata,0,5.5,India
Ayodhya,26.79909,82.2047,IN,Asia/Kolkata,0,5.5,India
Mubarakpur,26.08866,83.29088,IN,Asia/Kolkata,0,5.5,India
Phaltan,17.99113,74.43177,IN,Asia/Kolkata,0,5.5,India
Sandila,27.06989,80.51497,IN,Asia/Kolkata,0,5.5,India
Sagar,14.16498,75.02901,IN,Asia/Kolkata,0,5.5,India
Baruipur,22.36544,88.4325,IN,Asia/Kolkata,0,5.5,India
Lohardaga,23.43305,84.67992,IN,Asia/Kolkata,0,5.5,India
Deolali,19.94404,73.83441,IN,Asia/Kolkata,0,5.5,India
Shahabad,17.1307,76.94361,IN,Asia/Kolkata,0,5.5,India
Bobbili,18.57366,83.35925,IN,Asia/Kolkata,0,5.5,India
Chikhli,20.35046,76.25774,IN,Asia/Kolkata,0,5.5,India
Konch,25.99451,79.15127,IN,Asia/Kolkata,0,5.5,India
Lunglei,22.89247,92.74218,IN,Asia/Kolkata,0,5.5,India
Pithapuram,17.1168,82.25284,IN,Asia/Kolkata,0,5.5,India
Amalapuram,16.57868,82.00609,IN,Asia/Kolkata,0,5.5,India
Tuni,17.35905,82.54607,IN,Asia/Kolkata,0,5.5,India
Sihor,21.71134,71.96179,IN,Asia/Kolkata,0,5.5,India
Diglur,18.54829,77.57695,IN,Asia/Kolkata,0,5.5,India
Barbil,22.10194,85.37752,IN,Asia/Kolkata,0,5.5,India
Biswan,27.49581,80.99618,IN,Asia/Kolkata,0,5.5,India
Kosi,27.79449,77.4368,IN,Asia/Kolkata,0,5.5,India
Ropar,30.96896,76.52695,IN,Asia/Kolkata,0,5.5,India
Dandeli,15.26667,74.61667,IN,Asia/Kolkata,0,5.5,India
Parvatipuram,18.78392,83.42569,IN,Asia/Kolkata,0,5.5,India
Arcot,12.90569,79.31897,IN,Asia/Kolkata,0,5.5,India
Jhalawar,24.59633,76.16499,IN,Asia/Kolkata,0,5.5,India
Petlad,22.47681,72.79995,IN,Asia/Kolkata,0,5.5,India
Umred,20.85396,79.32466,IN,Asia/Kolkata,0,5.5,India
Bhatapara,21.735,81.94711,IN,Asia/Kolkata,0,5.5,India
Kaliyaganj,25.63442,88.32665,IN,Asia/Kolkata,0,5.5,India
Nasirabad,26.30473,74.73364,IN,Asia/Kolkata,0,5.5,India
Idappadi,11.58624,77.83891,IN,Asia/Kolkata,0,5.5,India
Gohadi,26.43278,78.44205,IN,Asia/Kolkata,0,5.5,India
Khagaul,25.57898,85.04564,IN,Asia/Kolkata,0,5.5,India
Chiplun,17.53339,73.50935,IN,Asia/Kolkata,0,5.5,India
Changanacheri,9.44203,76.53604,IN,Asia/Kolkata,0,5.5,India
Ramnagar,29.3925,79.1283,IN,Asia/Kolkata,0,5.5,India
Sillod,20.30303,75.65284,IN,Asia/Kolkata,0,5.5,India
Macherla,16.47635,79.43533,IN,Asia/Kolkata,0,5.5,India
Tundla,27.2146,78.23683,IN,Asia/Kolkata,0,5.5,India
Mannarakkat,10.99223,76.46418,IN,Asia/Kolkata,0,5.5,India
Ottappalam,10.7735,76.37758,IN,Asia/Kolkata,0,5.5,India
Goalpara,26.17668,90.62634,IN,Asia/Kolkata,0,5.5,India
Kankanhalli,12.54654,77.42005,IN,Asia/Kolkata,0,5.5,India
Madhupur,24.27419,86.63929,IN,Asia/Kolkata,0,5.5,India
Madhipura,25.92127,86.79271,IN,Asia/Kolkata,0,5.5,India
Charkhi Dadri,28.59166,76.27161,IN,Asia/Kolkata,0,5.5,India
Dumraon,25.55265,84.15149,IN,Asia/Kolkata,0,5.5,India
Mahasamund,21.10743,82.0948,IN,Asia/Kolkata,0,5.5,India
Gajraula,28.8457,78.2396,IN,Asia/Kolkata,0,5.5,India
Abu Road,24.48012,72.78186,IN,Asia/Kolkata,0,5.5,India
Nanjangud,12.11764,76.68397,IN,Asia/Kolkata,0,5.5,India
Salur,18.51716,83.20548,IN,Asia/Kolkata,0,5.5,India
Bhongir,17.51544,78.88563,IN,Asia/Kolkata,0,5.5,India
Aonla,28.27402,79.16521,IN,Asia/Kolkata,0,5.5,India
Khagaria,25.5022,86.46708,IN,Asia/Kolkata,0,5.5,India
Dhampur,29.30883,78.51083,IN,Asia/Kolkata,0,5.5,India
Sardhana,29.14551,77.61433,IN,Asia/Kolkata,0,5.5,India
Didwana,27.40096,74.57537,IN,Asia/Kolkata,0,5.5,India
Jalor,25.34558,72.61559,IN,Asia/Kolkata,0,5.5,India
Rajgarh,28.64201,75.38612,IN,Asia/Kolkata,0,5.5,India
Barh,25.48339,85.70928,IN,Asia/Kolkata,0,5.5,India
Baduria,22.74431,88.78655,IN,Asia/Kolkata,0,5.5,India
Shorapur,16.521,76.75738,IN,Asia/Kolkata,0,5.5,India
Jugsalai,22.77668,86.18351,IN,Asia/Kolkata,0,5.5,India
Kizhake Chalakudi,10.30067,76.33763,IN,Asia/Kolkata,0,5.5,India
Sidlaghatta,13.38896,77.86444,IN,Asia/Kolkata,0,5.5,India
Dahanu,19.96778,72.71263,IN,Asia/Kolkata,0,5.5,India
Rasipuram,11.46009,78.18635,IN,Asia/Kolkata,0,5.5,India
Punganuru,13.36672,78.57186,IN,Asia/Kolkata,0,5.5,India
Mandapeta,16.86254,81.92921,IN,Asia/Kolkata,0,5.5,India
Poonamalle,13.04888,80.11488,IN,Asia/Kolkata,0,5.5,India
Barpeta,26.32293,91.00632,IN,Asia/Kolkata,0,5.5,India
Tamluk,22.30083,87.92593,IN,Asia/Kolkata,0,5.5,India
Bhabhua,25.04049,83.60749,IN,Asia/Kolkata,0,5.5,India
Kathua,32.36941,75.52539,IN,Asia/Kolkata,0,5.5,India
Nangal,31.38966,76.37574,IN,Asia/Kolkata,0,5.5,India
Nihtaur,29.32416,78.38724,IN,Asia/Kolkata,0,5.5,India
Lachhmangarh Sikar,27.82294,75.02754,IN,Asia/Kolkata,0,5.5,India
Tiruvallur,13.14376,79.90889,IN,Asia/Kolkata,0,5.5,India
Sri Dungargarh,28.09617,74.00868,IN,Asia/Kolkata,0,5.5,India
Raxaul,26.97982,84.85065,IN,Asia/Kolkata,0,5.5,India
Siruguppa,15.63,76.89217,IN,Asia/Kolkata,0,5.5,India
Mandvi,22.83282,69.35237,IN,Asia/Kolkata,0,5.5,India
Majalgaon,19.15513,76.20992,IN,Asia/Kolkata,0,5.5,India
Warud,21.47101,78.26965,IN,Asia/Kolkata,0,5.5,India
Wankaner,22.61198,70.94379,IN,Asia/Kolkata,0,5.5,India
Churachandpur,24.33353,93.66999,IN,Asia/Kolkata,0,5.5,India
Dumka,24.26778,87.24855,IN,Asia/Kolkata,0,5.5,India
Talegaon Dabhade,18.73502,73.67561,IN,Asia/Kolkata,0,5.5,India
Hunsur,12.30359,76.29275,IN,Asia/Kolkata,0,5.5,India
Pithoragarh,29.58349,80.20947,IN,Asia/Kolkata,0,5.5,India
Jangaon,17.72602,79.15236,IN,Asia/Kolkata,0,5.5,India
Atrauli,28.02964,78.28571,IN,Asia/Kolkata,0,5.5,India
Narsimhapur,22.94936,79.18357,IN,Asia/Kolkata,0,5.5,India
Mulbagal,13.16352,78.39346,IN,Asia/Kolkata,0,5.5,India
Mudhol,16.33354,75.28305,IN,Asia/Kolkata,0,5.5,India
Gudalur,9.67826,77.24951,IN,Asia/Kolkata,0,5.5,India
Barwani,22.03232,74.89982,IN,Asia/Kolkata,0,5.5,India
Jodhpur,21.90174,70.0327,IN,Asia/Kolkata,0,5.5,India
Alangad,10.10192,76.29104,IN,Asia/Kolkata,0,5.5,India
Punalur,9.01956,76.92261,IN,Asia/Kolkata,0,5.5,India
Padrauna,26.90403,83.98087,IN,Asia/Kolkata,0,5.5,India
Gumia,23.7975,85.82523,IN,Asia/Kolkata,0,5.5,India
Bail-Hongal,15.8137,74.85895,IN,Asia/Kolkata,0,5.5,India
Shujalpur,23.40673,76.7098,IN,Asia/Kolkata,0,5.5,India
Jaisingpur,16.77639,74.55361,IN,Asia/Kolkata,0,5.5,India
Chatra,24.20645,84.87085,IN,Asia/Kolkata,0,5.5,India
Pachora,20.66727,75.35305,IN,Asia/Kolkata,0,5.5,India
Patancheru,17.53334,78.2645,IN,Asia/Kolkata,0,5.5,India
Panna,24.72094,80.18772,IN,Asia/Kolkata,0,5.5,India
Phalodi,27.13102,72.36826,IN,Asia/Kolkata,0,5.5,India
Yeola,20.0424,74.48944,IN,Asia/Kolkata,0,5.5,India
Sheikhpura,25.13994,85.84096,IN,Asia/Kolkata,0,5.5,India
Gulaothi,28.58938,77.79318,IN,Asia/Kolkata,0,5.5,India
Seohara,29.20904,78.58837,IN,Asia/Kolkata,0,5.5,India
Zahirabad,17.68138,77.60743,IN,Asia/Kolkata,0,5.5,India
Karsiyang,26.88251,88.27729,IN,Asia/Kolkata,0,5.5,India
Manglaur,29.79094,77.87836,IN,Asia/Kolkata,0,5.5,India
Gangakher,18.96962,76.74946,IN,Asia/Kolkata,0,5.5,India
Nohar,29.18292,74.77064,IN,Asia/Kolkata,0,5.5,India
Ganj Dundwara,27.73308,78.94119,IN,Asia/Kolkata,0,5.5,India
Nanpara,27.86459,81.50036,IN,Asia/Kolkata,0,5.5,India
Atarra,25.28618,80.57155,IN,Asia/Kolkata,0,5.5,India
Teghra,25.49043,85.94001,IN,Asia/Kolkata,0,5.5,India
Bhaisa,19.11285,77.96336,IN,Asia/Kolkata,0,5.5,India
Dondaicha,21.3236,74.56804,IN,Asia/Kolkata,0,5.5,India
Vite,17.27343,74.53792,IN,Asia/Kolkata,0,5.5,India
Peddapuram,17.07701,82.13836,IN,Asia/Kolkata,0,5.5,India
Mahmudabad,27.29191,81.11775,IN,Asia/Kolkata,0,5.5,India
Pakur,24.63925,87.84239,IN,Asia/Kolkata,0,5.5,India
Cherthala,9.68444,76.33558,IN,Asia/Kolkata,0,5.5,India
Nayudupet,13.90742,79.89465,IN,Asia/Kolkata,0,5.5,India
Halol,22.50321,73.47242,IN,Asia/Kolkata,0,5.5,India
Kharar,30.74632,76.64689,IN,Asia/Kolkata,0,5.5,India
Bhadrachalam,17.66846,80.88887,IN,Asia/Kolkata,0,5.5,India
Rampura,30.256,75.24116,IN,Asia/Kolkata,0,5.5,India
Mattanur,11.93018,75.57152,IN,Asia/Kolkata,0,5.5,India
Shertallai,9.68581,76.33996,IN,Asia/Kolkata,0,5.5,India
Sironj,24.10313,77.69055,IN,Asia/Kolkata,0,5.5,India
Daund,18.46515,74.58375,IN,Asia/Kolkata,0,5.5,India
Parlakimidi,18.78113,84.08836,IN,Asia/Kolkata,0,5.5,India
Ashta,23.01754,76.72208,IN,Asia/Kolkata,0,5.5,India
Nandikotkur,15.85668,78.26569,IN,Asia/Kolkata,0,5.5,India
Khalilabad,26.77268,83.07179,IN,Asia/Kolkata,0,5.5,India
Chittaranjan,23.85681,86.90324,IN,Asia/Kolkata,0,5.5,India
Pathardih,23.6658,86.43166,IN,Asia/Kolkata,0,5.5,India
Dungarpur,23.84306,73.71466,IN,Asia/Kolkata,0,5.5,India
Mandla,22.59879,80.37115,IN,Asia/Kolkata,0,5.5,India
Forbesganj,26.30253,87.26556,IN,Asia/Kolkata,0,5.5,India
Harpanahalli,14.78766,75.98863,IN,Asia/Kolkata,0,5.5,India
Itanagar,27.08694,93.60987,IN,Asia/Kolkata,0,5.5,India
Gumla,23.04268,84.54429,IN,Asia/Kolkata,0,5.5,India
Ozar,20.09473,73.92816,IN,Asia/Kolkata,0,5.5,India
Bhimunipatnam,17.89017,83.45203,IN,Asia/Kolkata,0,5.5,India
Tanda,28.97621,78.94187,IN,Asia/Kolkata,0,5.5,India
Kapadvanj,23.02302,73.07113,IN,Asia/Kolkata,0,5.5,India
Thoubal,24.63881,93.99639,IN,Asia/Kolkata,0,5.5,India
Morar,26.2264,78.22482,IN,Asia/Kolkata,0,5.5,India
Memari,23.17647,88.09749,IN,Asia/Kolkata,0,5.5,India
Nellikkuppam,11.77554,79.67016,IN,Asia/Kolkata,0,5.5,India
Angul,20.84089,85.10192,IN,Asia/Kolkata,0,5.5,India
Medak,18.04531,78.26078,IN,Asia/Kolkata,0,5.5,India
Kalpi,26.11667,79.73333,IN,Asia/Kolkata,0,5.5,India
Hodal,27.89196,77.36744,IN,Asia/Kolkata,0,5.5,India
Ramnagar,25.26907,83.02971,IN,Asia/Kolkata,0,5.5,India
Arsikere,13.31446,76.25704,IN,Asia/Kolkata,0,5.5,India
Nidadavole,16.90572,81.67222,IN,Asia/Kolkata,0,5.5,India
Jhajjar,28.6063,76.6565,IN,Asia/Kolkata,0,5.5,India
Varangaon,21.01767,75.91042,IN,Asia/Kolkata,0,5.5,India
Jammalamadugu,14.84677,78.38314,IN,Asia/Kolkata,0,5.5,India
Jasdan,22.03709,71.20794,IN,Asia/Kolkata,0,5.5,India
Kendraparha,20.50166,86.42227,IN,Asia/Kolkata,0,5.5,India
Gobardanga,22.8774,88.75479,IN,Asia/Kolkata,0,5.5,India
Yellandu,17.59064,80.32146,IN,Asia/Kolkata,0,5.5,India
Merta,26.64859,74.03414,IN,Asia/Kolkata,0,5.5,India
Polavaram,17.24754,81.64372,IN,Asia/Kolkata,0,5.5,India
Kanuru,16.28584,81.25464,IN,Asia/Kolkata,0,5.5,India
Godda,24.827,87.2125,IN,Asia/Kolkata,0,5.5,India
Kotputli,27.70207,76.19911,IN,Asia/Kolkata,0,5.5,India
Pandhurna,21.59556,78.52628,IN,Asia/Kolkata,0,5.5,India
Ramnagar,27.16371,84.32342,IN,Asia/Kolkata,0,5.5,India
Dig,27.47188,77.32564,IN,Asia/Kolkata,0,5.5,India
Kandhla,29.32104,77.27101,IN,Asia/Kolkata,0,5.5,India
Vikarabad,17.3381,77.90441,IN,Asia/Kolkata,0,5.5,India
Varkala,8.7333,76.7167,IN,Asia/Kolkata,0,5.5,India
Saint Thomas Mount,13.00334,80.19614,IN,Asia/Kolkata,0,5.5,India
Sainthia,23.94826,87.68045,IN,Asia/Kolkata,0,5.5,India
Tumsar,21.38333,79.73333,IN,Asia/Kolkata,0,5.5,India
Peranampattu,12.9343,78.7189,IN,Asia/Kolkata,0,5.5,India
Barhiya,25.28814,86.02055,IN,Asia/Kolkata,0,5.5,India
Kalimpong,27.07059,88.47529,IN,Asia/Kolkata,0,5.5,India
Ramachandrapuram,16.83636,82.02871,IN,Asia/Kolkata,0,5.5,India
Repalle,16.0184,80.82958,IN,Asia/Kolkata,0,5.5,India
Selu,19.45512,76.44073,IN,Asia/Kolkata,0,5.5,India
Bhinmal,24.99944,72.27141,IN,Asia/Kolkata,0,5.5,India
Bangarapet,12.99116,78.17804,IN,Asia/Kolkata,0,5.5,India
Sivaganga,9.84701,78.48358,IN,Asia/Kolkata,0,5.5,India
Tirupparangunram,9.88151,78.07306,IN,Asia/Kolkata,0,5.5,India
Shoranur,10.76181,76.27078,IN,Asia/Kolkata,0,5.5,India
Bikramganj,25.21073,84.25508,IN,Asia/Kolkata,0,5.5,India
Sojat,25.92493,73.66633,IN,Asia/Kolkata,0,5.5,India
Khurda,20.18268,85.61629,IN,Asia/Kolkata,0,5.5,India
Jaspur,29.27919,78.82798,IN,Asia/Kolkata,0,5.5,India
Than,22.57422,71.19942,IN,Asia/Kolkata,0,5.5,India
Jintur,19.61186,76.6874,IN,Asia/Kolkata,0,5.5,India
Khekra,28.86586,77.2841,IN,Asia/Kolkata,0,5.5,India
Balapur,20.66612,76.77386,IN,Asia/Kolkata,0,5.5,India
Dinhata,26.13526,89.46129,IN,Asia/Kolkata,0,5.5,India
Naini Tal,29.39743,79.44686,IN,Asia/Kolkata,0,5.5,India
Kyathampalle,19.66781,78.5289,IN,Asia/Kolkata,0,5.5,India
Sikandra Rao,27.68859,78.37985,IN,Asia/Kolkata,0,5.5,India
Palmaner,13.2,78.74725,IN,Asia/Kolkata,0,5.5,India
Jajpur,20.84852,86.33729,IN,Asia/Kolkata,0,5.5,India
Canning,22.31399,88.66508,IN,Asia/Kolkata,0,5.5,India
Khairabad,27.52698,80.75461,IN,Asia/Kolkata,0,5.5,India
Kannad,20.25684,75.13786,IN,Asia/Kolkata,0,5.5,India
Athni,16.72613,75.06421,IN,Asia/Kolkata,0,5.5,India
Biaora,23.9205,76.91074,IN,Asia/Kolkata,0,5.5,India
Katol,21.27388,78.5858,IN,Asia/Kolkata,0,5.5,India
Arvi,20.99585,78.22914,IN,Asia/Kolkata,0,5.5,India
Diamond Harbour,22.19101,88.19047,IN,Asia/Kolkata,0,5.5,India
Baghpat,28.94485,77.21865,IN,Asia/Kolkata,0,5.5,India
Bar Bigha,25.21855,85.7332,IN,Asia/Kolkata,0,5.5,India
Limbdi,22.56507,71.81076,IN,Asia/Kolkata,0,5.5,India
Bilara,26.18067,73.7055,IN,Asia/Kolkata,0,5.5,India
Sundargarh,22.11667,84.03333,IN,Asia/Kolkata,0,5.5,India
Manvi,15.99126,77.05034,IN,Asia/Kolkata,0,5.5,India
Fatwa,25.50958,85.30504,IN,Asia/Kolkata,0,5.5,India
Jambusar,22.05236,72.80074,IN,Asia/Kolkata,0,5.5,India
Devakottai,9.94704,78.8233,IN,Asia/Kolkata,0,5.5,India
Digras,20.1035,77.71846,IN,Asia/Kolkata,0,5.5,India
Warora,20.22885,79.00277,IN,Asia/Kolkata,0,5.5,India
Homnabad,17.77074,77.12519,IN,Asia/Kolkata,0,5.5,India
Gadarwara,22.9235,78.7849,IN,Asia/Kolkata,0,5.5,India
Chidawa,28.23937,75.64035,IN,Asia/Kolkata,0,5.5,India
Champa,22.03532,82.64234,IN,Asia/Kolkata,0,5.5,India
Naugachhia,25.38807,87.09906,IN,Asia/Kolkata,0,5.5,India
Hoskote,13.0707,77.79814,IN,Asia/Kolkata,0,5.5,India
Daudnagar,25.03473,84.40095,IN,Asia/Kolkata,0,5.5,India
Sihora,23.4871,80.10404,IN,Asia/Kolkata,0,5.5,India
Jaggayyapeta,16.8938,80.09807,IN,Asia/Kolkata,0,5.5,India
Koraput,18.81199,82.71048,IN,Asia/Kolkata,0,5.5,India
Dhupgari,26.58904,89.00732,IN,Asia/Kolkata,0,5.5,India
Mehkar,20.1505,76.56841,IN,Asia/Kolkata,0,5.5,India
Hilsa,25.31642,85.28234,IN,Asia/Kolkata,0,5.5,India
Bharthana,26.75231,79.2218,IN,Asia/Kolkata,0,5.5,India
Raisen,23.33033,77.7811,IN,Asia/Kolkata,0,5.5,India
Jalarpet,12.57025,78.57318,IN,Asia/Kolkata,0,5.5,India
Burla,21.50976,83.87259,IN,Asia/Kolkata,0,5.5,India
Dahegam,23.16903,72.82161,IN,Asia/Kolkata,0,5.5,India
Garhwa,24.16002,83.80755,IN,Asia/Kolkata,0,5.5,India
Chakradharpur,22.67611,85.62892,IN,Asia/Kolkata,0,5.5,India
Ambah,26.70423,78.22678,IN,Asia/Kolkata,0,5.5,India
Kallakkurichchi,11.7404,78.959,IN,Asia/Kolkata,0,5.5,India
Ghatampur,26.15272,80.16803,IN,Asia/Kolkata,0,5.5,India
Akividu,16.58225,81.38112,IN,Asia/Kolkata,0,5.5,India
Kovvur,17.0162,81.72934,IN,Asia/Kolkata,0,5.5,India
Solan,30.90908,77.10869,IN,Asia/Kolkata,0,5.5,India
Murtajapur,20.73299,77.36694,IN,Asia/Kolkata,0,5.5,India
Ahmadpur,18.70622,76.93731,IN,Asia/Kolkata,0,5.5,India
Gursahaiganj,27.11518,79.73174,IN,Asia/Kolkata,0,5.5,India
Periyakulam,10.12268,77.54372,IN,Asia/Kolkata,0,5.5,India
Mapuca,15.59154,73.80898,IN,Asia/Kolkata,0,5.5,India
Taki,22.58867,88.93253,IN,Asia/Kolkata,0,5.5,India
Saundatti,15.76615,75.11778,IN,Asia/Kolkata,0,5.5,India
Vaijapur,19.92672,74.7275,IN,Asia/Kolkata,0,5.5,India
Ghatsila,22.58531,86.47682,IN,Asia/Kolkata,0,5.5,India
Hasimara,26.7469,89.35385,IN,Asia/Kolkata,0,5.5,India
Sathupalli,17.24968,80.86899,IN,Asia/Kolkata,0,5.5,India
Puranpur,28.51283,80.14829,IN,Asia/Kolkata,0,5.5,India
Haflong,25.16478,93.01744,IN,Asia/Kolkata,0,5.5,India
Rameswaram,9.2885,79.31271,IN,Asia/Kolkata,0,5.5,India
Bansi,27.17749,82.93442,IN,Asia/Kolkata,0,5.5,India
Thiruthani,13.17594,79.61637,IN,Asia/Kolkata,0,5.5,India
Mandideep,23.08166,77.53328,IN,Asia/Kolkata,0,5.5,India
Bilaspur,28.88655,79.2703,IN,Asia/Kolkata,0,5.5,India
Thakurdwara,29.19203,78.86145,IN,Asia/Kolkata,0,5.5,India
Farrukhnagar,17.07787,78.20339,IN,Asia/Kolkata,0,5.5,India
Bhavani,11.44553,77.68215,IN,Asia/Kolkata,0,5.5,India
Daman,20.41431,72.83236,IN,Asia/Kolkata,0,5.5,India
Dhone,15.3952,77.8715,IN,Asia/Kolkata,0,5.5,India
Nandura Buzurg,20.83417,76.45924,IN,Asia/Kolkata,0,5.5,India
Murshidabad,24.1839,88.27171,IN,Asia/Kolkata,0,5.5,India
Nadapuram,11.68465,75.65493,IN,Asia/Kolkata,0,5.5,India
Parasia,22.1913,78.75904,IN,Asia/Kolkata,0,5.5,India
Nathdwara,24.93805,73.82392,IN,Asia/Kolkata,0,5.5,India
Shahabad,30.16776,76.87046,IN,Asia/Kolkata,0,5.5,India
Giddarbaha,30.19953,74.66627,IN,Asia/Kolkata,0,5.5,India
Akalkot,17.52532,76.20611,IN,Asia/Kolkata,0,5.5,India
Aroor,9.8694,76.30498,IN,Asia/Kolkata,0,5.5,India
Chinnamanur,9.83999,77.38109,IN,Asia/Kolkata,0,5.5,India
Ghosi,26.10587,83.5393,IN,Asia/Kolkata,0,5.5,India
Amudalavalasa,18.41025,83.90295,IN,Asia/Kolkata,0,5.5,India
Pehowa,29.97897,76.58249,IN,Asia/Kolkata,0,5.5,India
Nurpur,29.14956,78.4084,IN,Asia/Kolkata,0,5.5,India
Aland,17.56425,76.56854,IN,Asia/Kolkata,0,5.5,India
Narayanpet,16.74799,77.4954,IN,Asia/Kolkata,0,5.5,India
Paravur Tekkumbhagam,8.7947,76.66798,IN,Asia/Kolkata,0,5.5,India
Banka,24.88091,86.92257,IN,Asia/Kolkata,0,5.5,India
Simdega,22.61523,84.50208,IN,Asia/Kolkata,0,5.5,India
Kondapalle,16.61989,80.54244,IN,Asia/Kolkata,0,5.5,India
Sangaria,29.79886,74.46683,IN,Asia/Kolkata,0,5.5,India
Jha-Jha,24.77107,86.37888,IN,Asia/Kolkata,0,5.5,India
Jalesar,27.47315,78.3031,IN,Asia/Kolkata,0,5.5,India
Sirohi,24.88838,72.84794,IN,Asia/Kolkata,0,5.5,India
Bhalki,18.04348,77.206,IN,Asia/Kolkata,0,5.5,India
Palia Kalan,28.43205,80.58137,IN,Asia/Kolkata,0,5.5,India
Talcher,20.94927,85.23354,IN,Asia/Kolkata,0,5.5,India
Chaklasi,22.6532,72.94497,IN,Asia/Kolkata,0,5.5,India
Kunnamangalam,11.30459,75.87772,IN,Asia/Kolkata,0,5.5,India
Rajgir,25.02828,85.42079,IN,Asia/Kolkata,0,5.5,India
Kumhari,21.26667,81.51667,IN,Asia/Kolkata,0,5.5,India
Pathanamthitta,9.26667,76.78333,IN,Asia/Kolkata,0,5.5,India
Nandigama,16.7717,80.28596,IN,Asia/Kolkata,0,5.5,India
Mahe,11.70172,75.53474,IN,Asia/Kolkata,0,5.5,India
Vyara,21.11079,73.39365,IN,Asia/Kolkata,0,5.5,India
Malavalli,12.38556,77.06045,IN,Asia/Kolkata,0,5.5,India
Khambhaliya,22.20685,69.65031,IN,Asia/Kolkata,0,5.5,India
Suluru,13.7,80.01667,IN,Asia/Kolkata,0,5.5,India
Bhawani Mandi,24.41582,75.83552,IN,Asia/Kolkata,0,5.5,India
Chetwayi,10.52885,76.04793,IN,Asia/Kolkata,0,5.5,India
Vetapalem,15.78502,80.30663,IN,Asia/Kolkata,0,5.5,India
Shahbazpur,26.30511,87.28865,IN,Asia/Kolkata,0,5.5,India
Mahbubabad,17.59728,80.00207,IN,Asia/Kolkata,0,5.5,India
Maihar,24.26594,80.76063,IN,Asia/Kolkata,0,5.5,India
Dibai,28.20849,78.26173,IN,Asia/Kolkata,0,5.5,India
Robertsganj,24.6886,83.06784,IN,Asia/Kolkata,0,5.5,India
Kekri,25.97132,75.14992,IN,Asia/Kolkata,0,5.5,India
Tarikere,13.70954,75.81382,IN,Asia/Kolkata,0,5.5,India
Maudaha,25.68312,80.11419,IN,Asia/Kolkata,0,5.5,India
Porsa,26.67444,78.37081,IN,Asia/Kolkata,0,5.5,India
Savanur,14.97335,75.33724,IN,Asia/Kolkata,0,5.5,India
Pratapgarh,24.03215,74.78162,IN,Asia/Kolkata,0,5.5,India
Bilasipara,26.23285,90.2341,IN,Asia/Kolkata,0,5.5,India
Channarayapatna,12.90642,76.38775,IN,Asia/Kolkata,0,5.5,India
Ellenabad,29.45282,74.66122,IN,Asia/Kolkata,0,5.5,India
Pathri,19.2588,76.43412,IN,Asia/Kolkata,0,5.5,India
Bhadra,29.10298,75.17138,IN,Asia/Kolkata,0,5.5,India
Bantval,12.8905,75.03489,IN,Asia/Kolkata,0,5.5,India
Kotamangalam,10.06435,76.62843,IN,Asia/Kolkata,0,5.5,India
Leh,34.16504,77.58402,IN,Asia/Kolkata,0,5.5,India
Bairagnia,26.74063,85.27323,IN,Asia/Kolkata,0,5.5,India
Bangarmau,26.8912,80.21149,IN,Asia/Kolkata,0,5.5,India
Paithan,19.47506,75.38558,IN,Asia/Kolkata,0,5.5,India
Barauli,26.38109,84.58648,IN,Asia/Kolkata,0,5.5,India
Sadashivpet,17.61925,77.95263,IN,Asia/Kolkata,0,5.5,India
Vettur,8.71742,76.72582,IN,Asia/Kolkata,0,5.5,India
Patti,31.28092,74.85849,IN,Asia/Kolkata,0,5.5,India
Pujali,22.46787,88.14524,IN,Asia/Kolkata,0,5.5,India
Garhmuktesar,28.78732,78.10214,IN,Asia/Kolkata,0,5.5,India
Revelganj,25.78976,84.63596,IN,Asia/Kolkata,0,5.5,India
Parola,20.88098,75.11937,IN,Asia/Kolkata,0,5.5,India
Manapparai,10.60772,78.42582,IN,Asia/Kolkata,0,5.5,India
Yanam,16.73308,82.21364,IN,Asia/Kolkata,0,5.5,India
Rahuri,19.39069,74.64979,IN,Asia/Kolkata,0,5.5,India
Rawatbhata,24.92981,75.59209,IN,Asia/Kolkata,0,5.5,India
Hojai,26.00281,92.85605,IN,Asia/Kolkata,0,5.5,India
Akbarpur,26.42953,82.53431,IN,Asia/Kolkata,0,5.5,India
Pilibangan,29.44964,74.10093,IN,Asia/Kolkata,0,5.5,India
Vuyyuru,16.36307,80.84406,IN,Asia/Kolkata,0,5.5,India
Barwala,29.36747,75.90809,IN,Asia/Kolkata,0,5.5,India
Anekal,12.7111,77.69557,IN,Asia/Kolkata,0,5.5,India
Kampli,15.40626,76.60013,IN,Asia/Kolkata,0,5.5,India
Phulbani,20.48101,84.23063,IN,Asia/Kolkata,0,5.5,India
Attingal,8.69609,76.81507,IN,Asia/Kolkata,0,5.5,India
Cheyyar,12.66052,79.54308,IN,Asia/Kolkata,0,5.5,India
Padra,22.2398,73.08451,IN,Asia/Kolkata,0,5.5,India
Chunar,25.12776,82.8821,IN,Asia/Kolkata,0,5.5,India
Sanawad,22.17391,76.06993,IN,Asia/Kolkata,0,5.5,India
Bayana,26.90791,77.28985,IN,Asia/Kolkata,0,5.5,India
Kayalpattinam,8.57143,78.11992,IN,Asia/Kolkata,0,5.5,India
Dhaka,26.67479,85.16698,IN,Asia/Kolkata,0,5.5,India
Sadabad,27.43818,78.03758,IN,Asia/Kolkata,0,5.5,India
Bindki,26.03613,80.57617,IN,Asia/Kolkata,0,5.5,India
Dwarka,22.23944,68.96778,IN,Asia/Kolkata,0,5.5,India
Sarangpur,23.56651,76.47306,IN,Asia/Kolkata,0,5.5,India
Daryapur,20.92489,77.32644,IN,Asia/Kolkata,0,5.5,India
Ramganj Mandi,24.64648,75.94325,IN,Asia/Kolkata,0,5.5,India
Gariadhar,21.53889,71.57737,IN,Asia/Kolkata,0,5.5,India
Kakrala,27.89269,79.1945,IN,Asia/Kolkata,0,5.5,India
Arantangi,10.17235,78.99118,IN,Asia/Kolkata,0,5.5,India
Samalkha,29.23552,77.01273,IN,Asia/Kolkata,0,5.5,India
Kovur,14.5005,79.98518,IN,Asia/Kolkata,0,5.5,India
Tuljapur,18.00804,76.07011,IN,Asia/Kolkata,0,5.5,India
Morsi,21.3403,78.01258,IN,Asia/Kolkata,0,5.5,India
Babina,25.23947,78.47028,IN,Asia/Kolkata,0,5.5,India
Dongargarh,21.18893,80.75459,IN,Asia/Kolkata,0,5.5,India
Ashta,16.94943,74.40936,IN,Asia/Kolkata,0,5.5,India
Igatpuri,19.69522,73.5626,IN,Asia/Kolkata,0,5.5,India
Radhanpur,23.83238,71.6047,IN,Asia/Kolkata,0,5.5,India
Budhana,29.28805,77.47534,IN,Asia/Kolkata,0,5.5,India
Lunavada,23.12841,73.61043,IN,Asia/Kolkata,0,5.5,India
Betamcherla,15.45144,78.14797,IN,Asia/Kolkata,0,5.5,India
Rajpipla,21.86667,73.5,IN,Asia/Kolkata,0,5.5,India
Barpeta Road,26.50284,90.96937,IN,Asia/Kolkata,0,5.5,India
Sherghati,24.5595,84.79162,IN,Asia/Kolkata,0,5.5,India
Umarkhed,19.60144,77.68878,IN,Asia/Kolkata,0,5.5,India
Waris Aliganj,25.0172,85.64047,IN,Asia/Kolkata,0,5.5,India
Kawardha,22.00853,81.23148,IN,Asia/Kolkata,0,5.5,India
Pulgaon,20.72204,78.32056,IN,Asia/Kolkata,0,5.5,India
Buddh Gaya,24.69808,84.9869,IN,Asia/Kolkata,0,5.5,India
Lakshmeshwar,15.12689,75.46935,IN,Asia/Kolkata,0,5.5,India
Atmakur,15.88109,78.58704,IN,Asia/Kolkata,0,5.5,India
Seram,17.17859,77.28998,IN,Asia/Kolkata,0,5.5,India
Niwai,26.36073,75.91836,IN,Asia/Kolkata,0,5.5,India
Dubrajpur,23.7902,87.37648,IN,Asia/Kolkata,0,5.5,India
Jalalabad,27.72625,79.65523,IN,Asia/Kolkata,0,5.5,India
Sanand,22.99227,72.38177,IN,Asia/Kolkata,0,5.5,India
Kodaikanal,10.23925,77.48932,IN,Asia/Kolkata,0,5.5,India
Podaturpet,13.28169,79.48538,IN,Asia/Kolkata,0,5.5,India
Chikodi,16.42898,74.58591,IN,Asia/Kolkata,0,5.5,India
Shahabad,28.56681,79.00956,IN,Asia/Kolkata,0,5.5,India
Tasgaon,17.037,74.60171,IN,Asia/Kolkata,0,5.5,India
Kodinar,20.79393,70.70216,IN,Asia/Kolkata,0,5.5,India
Kichha,28.91154,79.52009,IN,Asia/Kolkata,0,5.5,India
Purna,19.1817,77.02566,IN,Asia/Kolkata,0,5.5,India
Jamadoba,23.71667,86.4,IN,Asia/Kolkata,0,5.5,India
Rajula,21.03854,71.44345,IN,Asia/Kolkata,0,5.5,India
Shikarpur,28.28072,78.01411,IN,Asia/Kolkata,0,5.5,India
Pipar,26.38441,73.54394,IN,Asia/Kolkata,0,5.5,India
Sagauli,26.7639,84.74341,IN,Asia/Kolkata,0,5.5,India
Kattivakkam,13.21667,80.31667,IN,Asia/Kolkata,0,5.5,India
Karjat,18.9107,73.32354,IN,Asia/Kolkata,0,5.5,India
Sankeshwar,16.25649,74.48195,IN,Asia/Kolkata,0,5.5,India
Bakhtiyarpur,25.46179,85.53179,IN,Asia/Kolkata,0,5.5,India
Agar,23.71177,76.01571,IN,Asia/Kolkata,0,5.5,India
Nilanga,18.11675,76.75279,IN,Asia/Kolkata,0,5.5,India
Satana,20.59483,74.20301,IN,Asia/Kolkata,0,5.5,India
Patamundai,20.57806,86.56063,IN,Asia/Kolkata,0,5.5,India
Angamali,10.19055,76.38789,IN,Asia/Kolkata,0,5.5,India
Golaghat,26.51167,93.95951,IN,Asia/Kolkata,0,5.5,India
Manipal,13.35,74.78333,IN,Asia/Kolkata,0,5.5,India
Tadepalle,16.48333,80.6,IN,Asia/Kolkata,0,5.5,India
Jaito,30.45126,74.89189,IN,Asia/Kolkata,0,5.5,India
Gharaunda,29.53692,76.97142,IN,Asia/Kolkata,0,5.5,India
Kodungallur,10.23263,76.19513,IN,Asia/Kolkata,0,5.5,India
Ausa,18.24728,76.4993,IN,Asia/Kolkata,0,5.5,India
Hamirpur,25.9553,80.14842,IN,Asia/Kolkata,0,5.5,India
Jhabua,22.76772,74.59087,IN,Asia/Kolkata,0,5.5,India
Nawabganj,28.54103,79.63462,IN,Asia/Kolkata,0,5.5,India
Sinnar,19.84505,73.99866,IN,Asia/Kolkata,0,5.5,India
Pen,18.73734,73.09603,IN,Asia/Kolkata,0,5.5,India
Indi,17.17735,75.9526,IN,Asia/Kolkata,0,5.5,India
Pappinissheri,11.95655,75.34034,IN,Asia/Kolkata,0,5.5,India
Mokokchung,26.3248,94.51834,IN,Asia/Kolkata,0,5.5,India
Sathyamangalam,11.50526,77.23826,IN,Asia/Kolkata,0,5.5,India
Fatehpur,27.17281,81.21061,IN,Asia/Kolkata,0,5.5,India
Guledagudda,16.05025,75.78997,IN,Asia/Kolkata,0,5.5,India
Melur,10.03241,78.3393,IN,Asia/Kolkata,0,5.5,India
Bhiwadi,28.21024,76.86056,IN,Asia/Kolkata,0,5.5,India
Guskhara,23.49276,87.73484,IN,Asia/Kolkata,0,5.5,India
Sindgi,16.91883,76.23368,IN,Asia/Kolkata,0,5.5,India
Narsipatnam,17.66709,82.61245,IN,Asia/Kolkata,0,5.5,India
Ichchapuram,19.11393,84.68721,IN,Asia/Kolkata,0,5.5,India
Bahjoi,28.39502,78.62659,IN,Asia/Kolkata,0,5.5,India
Tuensang,26.26704,94.82415,IN,Asia/Kolkata,0,5.5,India
Dharangaon,21.01187,75.27407,IN,Asia/Kolkata,0,5.5,India
Pulivendla,14.42139,78.22502,IN,Asia/Kolkata,0,5.5,India
Peddapalli,18.61357,79.37442,IN,Asia/Kolkata,0,5.5,India
Madikeri,12.42602,75.7382,IN,Asia/Kolkata,0,5.5,India
Kopaganj,26.01923,83.5663,IN,Asia/Kolkata,0,5.5,India
Kaman,27.65791,77.26908,IN,Asia/Kolkata,0,5.5,India
Thana Bhawan,29.58605,77.41811,IN,Asia/Kolkata,0,5.5,India
Uravakonda,14.94348,77.25494,IN,Asia/Kolkata,0,5.5,India
Begamganj,23.59917,78.34064,IN,Asia/Kolkata,0,5.5,India
Darsi,15.76978,79.67939,IN,Asia/Kolkata,0,5.5,India
Erattupetta,9.68747,76.77891,IN,Asia/Kolkata,0,5.5,India
Nargund,15.72299,75.38666,IN,Asia/Kolkata,0,5.5,India
Zaidpur,26.83093,81.32929,IN,Asia/Kolkata,0,5.5,India
Amli,20.28333,73.01667,IN,Asia/Kolkata,0,5.5,India
Sohna,28.24737,77.06544,IN,Asia/Kolkata,0,5.5,India
Anupgarh,29.19111,73.20861,IN,Asia/Kolkata,0,5.5,India
Jogbani,26.39905,87.26525,IN,Asia/Kolkata,0,5.5,India
Kunigal,13.02319,77.02518,IN,Asia/Kolkata,0,5.5,India
Shahpura,27.3912,75.95956,IN,Asia/Kolkata,0,5.5,India
Shikarpur,14.2698,75.35643,IN,Asia/Kolkata,0,5.5,India
Kosamba,21.46202,72.95842,IN,Asia/Kolkata,0,5.5,India
Muhammadabad,25.61907,83.75576,IN,Asia/Kolkata,0,5.5,India
Lakhyabad,23.66667,86.66667,IN,Asia/Kolkata,0,5.5,India
Jhalrapatan,24.54205,76.17242,IN,Asia/Kolkata,0,5.5,India
Sirkazhi,11.23725,79.73585,IN,Asia/Kolkata,0,5.5,India
Chaksu,26.6051,75.94814,IN,Asia/Kolkata,0,5.5,India
Porur,13.03565,80.15821,IN,Asia/Kolkata,0,5.5,India
Bhadasar,28.31457,74.28952,IN,Asia/Kolkata,0,5.5,India
Wai,17.95276,73.89058,IN,Asia/Kolkata,0,5.5,India
Jagatsinghapur,20.2557,86.17112,IN,Asia/Kolkata,0,5.5,India
Bagasra,21.48719,70.95516,IN,Asia/Kolkata,0,5.5,India
Kadur,13.55285,76.01164,IN,Asia/Kolkata,0,5.5,India
Dharmanagar,24.36667,92.16667,IN,Asia/Kolkata,0,5.5,India
Lahar,26.19401,78.94137,IN,Asia/Kolkata,0,5.5,India
Yaval,21.16772,75.69762,IN,Asia/Kolkata,0,5.5,India
Kaimganj,27.55441,79.33525,IN,Asia/Kolkata,0,5.5,India
Janjgir,22.00922,82.5778,IN,Asia/Kolkata,0,5.5,India
Egra,21.89947,87.53794,IN,Asia/Kolkata,0,5.5,India
Bihariganj,25.73415,86.98837,IN,Asia/Kolkata,0,5.5,India
Umreth,22.69881,73.11561,IN,Asia/Kolkata,0,5.5,India
Mushabani,22.51135,86.45713,IN,Asia/Kolkata,0,5.5,India
Venkatagiri,13.96005,79.58032,IN,Asia/Kolkata,0,5.5,India
Mahalingpur,16.3888,75.10873,IN,Asia/Kolkata,0,5.5,India
Neem ka Thana,27.73976,75.78652,IN,Asia/Kolkata,0,5.5,India
Nepanagar,21.4538,76.39335,IN,Asia/Kolkata,0,5.5,India
Nautanwa,27.42752,83.41789,IN,Asia/Kolkata,0,5.5,India
Vallabh Vidyanagar,22.53333,72.9,IN,Asia/Kolkata,0,5.5,India
Chanderi,24.71312,78.13809,IN,Asia/Kolkata,0,5.5,India
Manuguru,17.93023,80.82671,IN,Asia/Kolkata,0,5.5,India
Mahemdavad,22.82359,72.75551,IN,Asia/Kolkata,0,5.5,India
Gauribidanur,13.61072,77.51738,IN,Asia/Kolkata,0,5.5,India
Almora,29.59713,79.65911,IN,Asia/Kolkata,0,5.5,India
Nakodar,31.12586,75.47508,IN,Asia/Kolkata,0,5.5,India
Karamsad,22.54243,72.90392,IN,Asia/Kolkata,0,5.5,India
Manali,13.16667,80.26667,IN,Asia/Kolkata,0,5.5,India
Dharmabad,18.89116,77.8494,IN,Asia/Kolkata,0,5.5,India
Vedaraniyam,10.37208,79.85095,IN,Asia/Kolkata,0,5.5,India
Jayamkondacholapuram,11.21266,79.36369,IN,Asia/Kolkata,0,5.5,India
Kalka,30.83982,76.94065,IN,Asia/Kolkata,0,5.5,India
Umarga,17.83841,76.62331,IN,Asia/Kolkata,0,5.5,India
Pinjaur,30.79873,76.91822,IN,Asia/Kolkata,0,5.5,India
Bisauli,28.30772,78.93678,IN,Asia/Kolkata,0,5.5,India
Turaiyur,11.14968,78.5987,IN,Asia/Kolkata,0,5.5,India
Pavugada,14.09953,77.28018,IN,Asia/Kolkata,0,5.5,India
Ambasamudram,8.71068,77.4519,IN,Asia/Kolkata,0,5.5,India
Zamania,25.41961,83.55786,IN,Asia/Kolkata,0,5.5,India
Malkapur,17.26214,74.17574,IN,Asia/Kolkata,0,5.5,India
Shirdi,19.76616,74.47738,IN,Asia/Kolkata,0,5.5,India
Bandipura,34.41728,74.64308,IN,Asia/Kolkata,0,5.5,India
Kokrajhar,26.40107,90.27286,IN,Asia/Kolkata,0,5.5,India
Palladam,10.99175,77.28633,IN,Asia/Kolkata,0,5.5,India
Muddebihal,16.33782,76.13173,IN,Asia/Kolkata,0,5.5,India
Lalganj,25.86894,85.17394,IN,Asia/Kolkata,0,5.5,India
Rasra,25.8576,83.85487,IN,Asia/Kolkata,0,5.5,India
Islampur,25.14075,85.20587,IN,Asia/Kolkata,0,5.5,India
Ghugus,19.9381,79.11192,IN,Asia/Kolkata,0,5.5,India
Sattur,9.35592,77.92457,IN,Asia/Kolkata,0,5.5,India
Basudebpur,21.11974,86.72896,IN,Asia/Kolkata,0,5.5,India
Khachrod,23.42322,75.28185,IN,Asia/Kolkata,0,5.5,India
Kotma,23.20383,81.97904,IN,Asia/Kolkata,0,5.5,India
Bhatkal,13.98534,74.55531,IN,Asia/Kolkata,0,5.5,India
Khurai,24.04372,78.33014,IN,Asia/Kolkata,0,5.5,India
Chittur,10.69967,76.7471,IN,Asia/Kolkata,0,5.5,India
Vadigenhalli,13.29724,77.80184,IN,Asia/Kolkata,0,5.5,India
Sijua,23.77617,86.33028,IN,Asia/Kolkata,0,5.5,India
Vandavasi,12.50429,79.60556,IN,Asia/Kolkata,0,5.5,India
Lalsot,26.55951,76.32915,IN,Asia/Kolkata,0,5.5,India
Shahpur,16.69605,76.8422,IN,Asia/Kolkata,0,5.5,India
Chemmumiahpet,14.46289,78.81191,IN,Asia/Kolkata,0,5.5,India
Bahadurganj,26.26172,87.82443,IN,Asia/Kolkata,0,5.5,India
Gomoh,23.87355,86.1516,IN,Asia/Kolkata,0,5.5,India
Jalalpur,26.31162,82.73859,IN,Asia/Kolkata,0,5.5,India
Khunti,23.07602,85.27818,IN,Asia/Kolkata,0,5.5,India
Kangayam,11.00599,77.5609,IN,Asia/Kolkata,0,5.5,India
Zira,30.96853,74.99106,IN,Asia/Kolkata,0,5.5,India
Jhanjharpur,26.26467,86.27993,IN,Asia/Kolkata,0,5.5,India
Sangola,17.43948,75.19379,IN,Asia/Kolkata,0,5.5,India
Singanallur,10.99898,77.03238,IN,Asia/Kolkata,0,5.5,India
Karamadai,11.24058,76.96009,IN,Asia/Kolkata,0,5.5,India
Ramapuram,13.10091,79.1841,IN,Asia/Kolkata,0,5.5,India
Nawanshahr,31.1245,76.11613,IN,Asia/Kolkata,0,5.5,India
Mankachar,25.53347,89.86373,IN,Asia/Kolkata,0,5.5,India
Razampeta,14.19544,79.15896,IN,Asia/Kolkata,0,5.5,India
Sabalgarh,26.24918,77.40786,IN,Asia/Kolkata,0,5.5,India
Hailakandi,24.68394,92.56097,IN,Asia/Kolkata,0,5.5,India
Jagdishpur,26.74967,80.5451,IN,Asia/Kolkata,0,5.5,India
Jagdispur,25.46811,84.41939,IN,Asia/Kolkata,0,5.5,India
Sirur,18.8276,74.37475,IN,Asia/Kolkata,0,5.5,India
Rawatsar,29.26724,74.40288,IN,Asia/Kolkata,0,5.5,India
Shamsabad,27.01718,78.12358,IN,Asia/Kolkata,0,5.5,India
Partur,19.59925,76.21541,IN,Asia/Kolkata,0,5.5,India
Puttur,13.44189,79.55314,IN,Asia/Kolkata,0,5.5,India
Guduvancheri,12.84519,80.06055,IN,Asia/Kolkata,0,5.5,India
Erandol,20.92206,75.32641,IN,Asia/Kolkata,0,5.5,India
Pasan,22.84412,82.19823,IN,Asia/Kolkata,0,5.5,India
Rudarpur,26.44467,83.61302,IN,Asia/Kolkata,0,5.5,India
Safidon,29.40596,76.67042,IN,Asia/Kolkata,0,5.5,India
Hatta,24.13406,79.60119,IN,Asia/Kolkata,0,5.5,India
Elur,10.06667,76.28333,IN,Asia/Kolkata,0,5.5,India
Basavana Bagevadi,16.57278,75.97252,IN,Asia/Kolkata,0,5.5,India
Perambalur,11.23333,78.88333,IN,Asia/Kolkata,0,5.5,India
Gangtok,27.32574,88.61216,IN,Asia/Kolkata,0,5.5,India
Malur,13.00322,77.93798,IN,Asia/Kolkata,0,5.5,India
Usilampatti,9.96936,77.78621,IN,Asia/Kolkata,0,5.5,India
Un,23.88745,71.76975,IN,Asia/Kolkata,0,5.5,India
Mudbidri,13.06653,74.99525,IN,Asia/Kolkata,0,5.5,India
Rajakhera,26.89802,78.171,IN,Asia/Kolkata,0,5.5,India
Manwat,19.30133,76.49735,IN,Asia/Kolkata,0,5.5,India
Wadi,17.05183,76.99048,IN,Asia/Kolkata,0,5.5,India
Anta,25.15,76.3,IN,Asia/Kolkata,0,5.5,India
Maharaganj,27.14456,83.56214,IN,Asia/Kolkata,0,5.5,India
Tarakeswar,22.88605,88.01363,IN,Asia/Kolkata,0,5.5,India
Keelakarai,9.23183,78.78545,IN,Asia/Kolkata,0,5.5,India
Kakching,24.4982,93.98126,IN,Asia/Kolkata,0,5.5,India
Gevrai,19.26372,75.75007,IN,Asia/Kolkata,0,5.5,India
Pihani,27.61987,80.20343,IN,Asia/Kolkata,0,5.5,India
Perungudi,12.96095,80.24094,IN,Asia/Kolkata,0,5.5,India
Sarkhej,22.98297,72.50196,IN,Asia/Kolkata,0,5.5,India
Remuna,21.52798,86.87156,IN,Asia/Kolkata,0,5.5,India
Sri Madhopur,27.46599,75.59736,IN,Asia/Kolkata,0,5.5,India
Udaipur,27.72297,75.47178,IN,Asia/Kolkata,0,5.5,India
Walajapet,12.9251,79.36626,IN,Asia/Kolkata,0,5.5,India
Pedana,16.25582,81.14378,IN,Asia/Kolkata,0,5.5,India
Ferokh,11.17989,75.84141,IN,Asia/Kolkata,0,5.5,India
Salaya,22.31038,69.60376,IN,Asia/Kolkata,0,5.5,India
Musiri,10.95299,78.44427,IN,Asia/Kolkata,0,5.5,India
Khair,27.94195,77.84243,IN,Asia/Kolkata,0,5.5,India
Chitapur,17.12357,77.0824,IN,Asia/Kolkata,0,5.5,India
Risod,19.97671,76.78799,IN,Asia/Kolkata,0,5.5,India
Dhandhuka,22.38185,71.98664,IN,Asia/Kolkata,0,5.5,India
Fatehpur Sikri,27.0937,77.66003,IN,Asia/Kolkata,0,5.5,India
Birpara,26.70421,89.14547,IN,Asia/Kolkata,0,5.5,India
Yanamalakuduru,16.48531,80.66746,IN,Asia/Kolkata,0,5.5,India
Cherpulassery,10.87655,76.30932,IN,Asia/Kolkata,0,5.5,India
Amla,21.92485,78.12786,IN,Asia/Kolkata,0,5.5,India
Narsinghgarh,23.70758,77.09319,IN,Asia/Kolkata,0,5.5,India
Talaja,21.3527,72.03524,IN,Asia/Kolkata,0,5.5,India
Dharmadam,11.77538,75.46459,IN,Asia/Kolkata,0,5.5,India
Bhongaon,27.25515,79.18118,IN,Asia/Kolkata,0,5.5,India
Tiruchchendur,8.49725,78.11906,IN,Asia/Kolkata,0,5.5,India
Sasvad,18.34351,74.03102,IN,Asia/Kolkata,0,5.5,India
Ambad,19.61301,75.78906,IN,Asia/Kolkata,0,5.5,India
Ramgarh,27.25097,75.17893,IN,Asia/Kolkata,0,5.5,India
Jalalabad,30.60622,74.25727,IN,Asia/Kolkata,0,5.5,India
Soro,21.27851,86.68833,IN,Asia/Kolkata,0,5.5,India
Lingsugur,16.15876,76.52174,IN,Asia/Kolkata,0,5.5,India
Gajendragarh,15.73628,75.96976,IN,Asia/Kolkata,0,5.5,India
Madurantakam,12.51167,79.88485,IN,Asia/Kolkata,0,5.5,India
Umaria,23.52473,80.83716,IN,Asia/Kolkata,0,5.5,India
Devarkonda,16.69186,78.92073,IN,Asia/Kolkata,0,5.5,India
Dhamnod,22.20928,75.47057,IN,Asia/Kolkata,0,5.5,India
Bilari,28.62146,78.80361,IN,Asia/Kolkata,0,5.5,India
Muvattupula,9.98493,76.57728,IN,Asia/Kolkata,0,5.5,India
Adur,9.15595,76.73192,IN,Asia/Kolkata,0,5.5,India
Saoner,21.3851,78.92155,IN,Asia/Kolkata,0,5.5,India
Miranpur Katra,28.02963,79.66778,IN,Asia/Kolkata,0,5.5,India
Raisinghnagar,29.53583,73.44917,IN,Asia/Kolkata,0,5.5,India
Kalpatta,11.60871,76.08343,IN,Asia/Kolkata,0,5.5,India
Arangaon,19.02681,74.71487,IN,Asia/Kolkata,0,5.5,India
Kalavoor,9.57046,76.32756,IN,Asia/Kolkata,0,5.5,India
Mansa,23.42564,72.65739,IN,Asia/Kolkata,0,5.5,India
Zunheboto,25.96667,94.51667,IN,Asia/Kolkata,0,5.5,India
Mainaguri,26.56263,88.8204,IN,Asia/Kolkata,0,5.5,India
Nagar Karnul,16.4821,78.32471,IN,Asia/Kolkata,0,5.5,India
Khedbrahma,24.0299,73.04632,IN,Asia/Kolkata,0,5.5,India
Taranagar,28.6686,75.03207,IN,Asia/Kolkata,0,5.5,India
Palkonda,18.60374,83.75568,IN,Asia/Kolkata,0,5.5,India
Dhari,21.32855,71.02645,IN,Asia/Kolkata,0,5.5,India
Jewar,28.122,77.55734,IN,Asia/Kolkata,0,5.5,India
Kalyandurg,14.54519,77.10552,IN,Asia/Kolkata,0,5.5,India
Dighwara,25.74434,85.01003,IN,Asia/Kolkata,0,5.5,India
Shahpura,25.62094,74.92487,IN,Asia/Kolkata,0,5.5,India
Muvattupuzha,9.97985,76.57381,IN,Asia/Kolkata,0,5.5,India
Bachhraon,28.92694,78.23456,IN,Asia/Kolkata,0,5.5,India
Irinjalakuda,10.34238,76.21124,IN,Asia/Kolkata,0,5.5,India
Mangrul Pir,20.31379,77.34178,IN,Asia/Kolkata,0,5.5,India
Islamnagar,28.32896,78.72524,IN,Asia/Kolkata,0,5.5,India
Madukkarai,10.90568,76.96344,IN,Asia/Kolkata,0,5.5,India
Ariyalur,11.13849,79.07556,IN,Asia/Kolkata,0,5.5,India
Ponmana,9.00798,76.52023,IN,Asia/Kolkata,0,5.5,India
Manavadar,21.49813,70.13775,IN,Asia/Kolkata,0,5.5,India
Sirsaganj,27.05715,78.68661,IN,Asia/Kolkata,0,5.5,India
Sanchor,24.75361,71.7728,IN,Asia/Kolkata,0,5.5,India
Sandur,15.08613,76.54692,IN,Asia/Kolkata,0,5.5,India
Chodavaram,17.82884,82.93526,IN,Asia/Kolkata,0,5.5,India
Surandai,8.97574,77.41923,IN,Asia/Kolkata,0,5.5,India
Banda,24.04488,78.96094,IN,Asia/Kolkata,0,5.5,India
Piro,25.33218,84.40454,IN,Asia/Kolkata,0,5.5,India
Suar,29.02841,79.05654,IN,Asia/Kolkata,0,5.5,India
Manoharpur,27.29769,75.9495,IN,Asia/Kolkata,0,5.5,India
Rajura,19.77947,79.36459,IN,Asia/Kolkata,0,5.5,India
Kotagiri,11.42072,76.86035,IN,Asia/Kolkata,0,5.5,India
Rusera,25.75355,86.02597,IN,Asia/Kolkata,0,5.5,India
Azhiyur,11.69348,75.56013,IN,Asia/Kolkata,0,5.5,India
Nelamangala,13.09978,77.39364,IN,Asia/Kolkata,0,5.5,India
Soron,27.89055,78.74621,IN,Asia/Kolkata,0,5.5,India
Mukher,18.70636,77.36795,IN,Asia/Kolkata,0,5.5,India
Sholinghur,13.1181,79.42025,IN,Asia/Kolkata,0,5.5,India
Duliajan,27.36035,95.31806,IN,Asia/Kolkata,0,5.5,India
Gadhada,21.96957,71.57828,IN,Asia/Kolkata,0,5.5,India
Malpura,26.2838,75.36458,IN,Asia/Kolkata,0,5.5,India
Alangulam,8.86404,77.49937,IN,Asia/Kolkata,0,5.5,India
Addanki,15.81061,79.97338,IN,Asia/Kolkata,0,5.5,India
Milak,28.61031,79.16997,IN,Asia/Kolkata,0,5.5,India
Coondapoor,13.63126,74.6902,IN,Asia/Kolkata,0,5.5,India
Lakheri,25.67237,76.17692,IN,Asia/Kolkata,0,5.5,India
Lalgola,24.42244,88.25238,IN,Asia/Kolkata,0,5.5,India
Utraula,27.31933,82.41872,IN,Asia/Kolkata,0,5.5,India
Titlagarh,20.28961,83.15233,IN,Asia/Kolkata,0,5.5,India
Tirukkoyilur,11.9662,79.20259,IN,Asia/Kolkata,0,5.5,India
Sonamukhi,23.30521,87.41336,IN,Asia/Kolkata,0,5.5,India
Seoni Malwa,22.45046,77.4665,IN,Asia/Kolkata,0,5.5,India
Badami,15.91495,75.67683,IN,Asia/Kolkata,0,5.5,India
Mavoor,11.26667,75.91667,IN,Asia/Kolkata,0,5.5,India
Mavelikara,9.25929,76.55642,IN,Asia/Kolkata,0,5.5,India
Maur,30.08333,75.25,IN,Asia/Kolkata,0,5.5,India
Hole Narsipur,12.78635,76.24331,IN,Asia/Kolkata,0,5.5,India
Dhanaura,28.95912,78.25629,IN,Asia/Kolkata,0,5.5,India
Piravam,9.86667,76.5,IN,Asia/Kolkata,0,5.5,India
Mandi,31.71194,76.93273,IN,Asia/Kolkata,0,5.5,India
Shrigonda,18.61527,74.69895,IN,Asia/Kolkata,0,5.5,India
Pandua,23.07492,88.28637,IN,Asia/Kolkata,0,5.5,India
Punch,33.77033,74.09254,IN,Asia/Kolkata,0,5.5,India
Pilani,28.36725,75.60352,IN,Asia/Kolkata,0,5.5,India
Giddalur,15.37439,78.92609,IN,Asia/Kolkata,0,5.5,India
Maddur,12.58283,77.04294,IN,Asia/Kolkata,0,5.5,India
Madhugiri,13.66035,77.21239,IN,Asia/Kolkata,0,5.5,India
Garhakota,23.7791,79.14321,IN,Asia/Kolkata,0,5.5,India
Koynanagar,17.4,73.76667,IN,Asia/Kolkata,0,5.5,India
Kumta,14.42853,74.4189,IN,Asia/Kolkata,0,5.5,India
Losal,27.4,74.91667,IN,Asia/Kolkata,0,5.5,India
Hisua,24.8336,85.41729,IN,Asia/Kolkata,0,5.5,India
Dasna,28.67736,77.52252,IN,Asia/Kolkata,0,5.5,India
Adirampattinam,10.34059,79.37905,IN,Asia/Kolkata,0,5.5,India
Talikota,16.47311,76.31085,IN,Asia/Kolkata,0,5.5,India
Maner,25.64602,84.87291,IN,Asia/Kolkata,0,5.5,India
Birmitrapur,22.4,84.76667,IN,Asia/Kolkata,0,5.5,India
Erraguntla,14.63853,78.53974,IN,Asia/Kolkata,0,5.5,India
Bamor Kalan,24.89298,78.15105,IN,Asia/Kolkata,0,5.5,India
Kalakkadu,8.5138,77.54944,IN,Asia/Kolkata,0,5.5,India
Razam,18.44909,83.65957,IN,Asia/Kolkata,0,5.5,India
Kareli,22.91533,79.06378,IN,Asia/Kolkata,0,5.5,India
Jalgaon Jamod,21.05194,76.53464,IN,Asia/Kolkata,0,5.5,India
Rajaori,33.37526,74.3092,IN,Asia/Kolkata,0,5.5,India
Jaswantnagar,26.88271,78.90256,IN,Asia/Kolkata,0,5.5,India
Afzalgarh,29.3937,78.67393,IN,Asia/Kolkata,0,5.5,India
Byadgi,14.67325,75.4868,IN,Asia/Kolkata,0,5.5,India
Rehli,23.63722,79.06275,IN,Asia/Kolkata,0,5.5,India
Raipur,30.31097,78.08979,IN,Asia/Kolkata,0,5.5,India
Mungeli,22.06566,81.68543,IN,Asia/Kolkata,0,5.5,India
Manawar,22.23566,75.08917,IN,Asia/Kolkata,0,5.5,India
Kondagaon,19.59083,81.664,IN,Asia/Kolkata,0,5.5,India
Tehri,30.39086,78.4803,IN,Asia/Kolkata,0,5.5,India
Umarkot,19.66529,82.20629,IN,Asia/Kolkata,0,5.5,India
Nahan,30.56029,77.29426,IN,Asia/Kolkata,0,5.5,India
Sankrail,22.54997,88.22515,IN,Asia/Kolkata,0,5.5,India
Manamadurai,9.67318,78.47096,IN,Asia/Kolkata,0,5.5,India
Kharagpur,25.12446,86.55578,IN,Asia/Kolkata,0,5.5,India
Beldanga,23.93428,88.26018,IN,Asia/Kolkata,0,5.5,India
Rahatgarh,23.78968,78.39473,IN,Asia/Kolkata,0,5.5,India
Pardi,20.5087,72.94569,IN,Asia/Kolkata,0,5.5,India
Miranpur,29.29026,77.94939,IN,Asia/Kolkata,0,5.5,India
Silvassa,20.27386,72.99673,IN,Asia/Kolkata,0,5.5,India
Kalanwali,29.83573,74.9717,IN,Asia/Kolkata,0,5.5,India
Chakapara,22.63222,88.34861,IN,Asia/Kolkata,0,5.5,India
Kalamb,19.04437,73.95554,IN,Asia/Kolkata,0,5.5,India
Hirakud,21.52502,83.87275,IN,Asia/Kolkata,0,5.5,India
Magadi,12.95706,77.22374,IN,Asia/Kolkata,0,5.5,India
Gundlupet,11.81004,76.69027,IN,Asia/Kolkata,0,5.5,India
Kundarkhi,28.68304,78.78559,IN,Asia/Kolkata,0,5.5,India
Bilgram,27.17509,80.03201,IN,Asia/Kolkata,0,5.5,India
Bidhuna,26.80172,79.50829,IN,Asia/Kolkata,0,5.5,India
Perumpavur,10.11544,76.47611,IN,Asia/Kolkata,0,5.5,India
Berasia,23.63134,77.43351,IN,Asia/Kolkata,0,5.5,India
Gobindpur,22.63393,86.07162,IN,Asia/Kolkata,0,5.5,India
Kotdwara,29.74612,78.52219,IN,Asia/Kolkata,0,5.5,India
Bhawanipur,26.45352,87.02744,IN,Asia/Kolkata,0,5.5,India
Rajgarh,27.23731,76.62243,IN,Asia/Kolkata,0,5.5,India
Kasba,25.85643,87.53836,IN,Asia/Kolkata,0,5.5,India
Naharlagun,27.10467,93.69518,IN,Asia/Kolkata,0,5.5,India
Samba,32.56245,75.11993,IN,Asia/Kolkata,0,5.5,India
Vepagunta,17.77844,83.21577,IN,Asia/Kolkata,0,5.5,India
Kulittalai,10.93487,78.41251,IN,Asia/Kolkata,0,5.5,India
Banmankhi,25.88857,87.19421,IN,Asia/Kolkata,0,5.5,India
Sheoganj,25.13915,73.06784,IN,Asia/Kolkata,0,5.5,India
Indapur,18.3,73.25,IN,Asia/Kolkata,0,5.5,India
Kemri,28.80673,79.2048,IN,Asia/Kolkata,0,5.5,India
Sausar,21.65576,78.79669,IN,Asia/Kolkata,0,5.5,India
Kartarpur,31.44268,75.49847,IN,Asia/Kolkata,0,5.5,India
Karhal,27.00089,78.93935,IN,Asia/Kolkata,0,5.5,India
Lar,26.20394,83.96906,IN,Asia/Kolkata,0,5.5,India
Deulgaon Raja,20.01757,76.03755,IN,Asia/Kolkata,0,5.5,India
Mahad,18.08333,73.41667,IN,Asia/Kolkata,0,5.5,India
Aliganj,27.49358,79.17127,IN,Asia/Kolkata,0,5.5,India
Raver,21.24757,76.03509,IN,Asia/Kolkata,0,5.5,India
Panagar,23.28539,79.99509,IN,Asia/Kolkata,0,5.5,India
Hangal,14.76465,75.1246,IN,Asia/Kolkata,0,5.5,India
Perumbavoor,10.10695,76.47366,IN,Asia/Kolkata,0,5.5,India
Ratia,29.69029,75.57688,IN,Asia/Kolkata,0,5.5,India
Pauri,30.15286,78.7771,IN,Asia/Kolkata,0,5.5,India
Shahganj,26.04965,82.68423,IN,Asia/Kolkata,0,5.5,India
Dhrol,22.567,70.41769,IN,Asia/Kolkata,0,5.5,India
Pallippatti,11.9399,78.40161,IN,Asia/Kolkata,0,5.5,India
Gulabpura,25.90448,74.66025,IN,Asia/Kolkata,0,5.5,India
Hadgaon,19.49552,77.65863,IN,Asia/Kolkata,0,5.5,India
Gadhinglaj,16.22291,74.3501,IN,Asia/Kolkata,0,5.5,India
Rajpur,22.30393,74.35568,IN,Asia/Kolkata,0,5.5,India
Terdal,16.49379,75.04667,IN,Asia/Kolkata,0,5.5,India
Rangia,26.44931,91.61356,IN,Asia/Kolkata,0,5.5,India
Jora,26.34209,77.8092,IN,Asia/Kolkata,0,5.5,India
Kheri,27.90354,80.79754,IN,Asia/Kolkata,0,5.5,India
Bilsi,28.12941,78.9109,IN,Asia/Kolkata,0,5.5,India
Taloda,21.56128,74.21238,IN,Asia/Kolkata,0,5.5,India
Polur,12.51217,79.12405,IN,Asia/Kolkata,0,5.5,India
Kalavad,22.20789,70.38343,IN,Asia/Kolkata,0,5.5,India
Rampur,29.8062,77.45251,IN,Asia/Kolkata,0,5.5,India
Rafiganj,24.81757,84.63445,IN,Asia/Kolkata,0,5.5,India
Karera,25.45815,78.13583,IN,Asia/Kolkata,0,5.5,India
Halvad,23.01516,71.18029,IN,Asia/Kolkata,0,5.5,India
Husainabad,24.52849,84,IN,Asia/Kolkata,0,5.5,India
Kukshi,22.20677,74.75788,IN,Asia/Kolkata,0,5.5,India
Sulur,11.02427,77.12565,IN,Asia/Kolkata,0,5.5,India
Elamanchili,17.54907,82.85749,IN,Asia/Kolkata,0,5.5,India
Rajgarh,24.00826,76.7325,IN,Asia/Kolkata,0,5.5,India
Marhaura,25.97349,84.86796,IN,Asia/Kolkata,0,5.5,India
Shiggaon,14.99053,75.22499,IN,Asia/Kolkata,0,5.5,India
Raikot,30.65,75.6,IN,Asia/Kolkata,0,5.5,India
Ranavav,21.68734,69.74485,IN,Asia/Kolkata,0,5.5,India
Junnar,19.20815,73.8752,IN,Asia/Kolkata,0,5.5,India
Kanker,20.27193,81.49177,IN,Asia/Kolkata,0,5.5,India
Kinwat,19.62557,78.1987,IN,Asia/Kolkata,0,5.5,India
Nagari,13.32139,79.58557,IN,Asia/Kolkata,0,5.5,India
Kalol,22.60777,73.46272,IN,Asia/Kolkata,0,5.5,India
Jaynagar Majilpur,22.1752,88.42008,IN,Asia/Kolkata,0,5.5,India
Chipurupalle,18.31142,83.56846,IN,Asia/Kolkata,0,5.5,India
Renigunta,13.65143,79.51256,IN,Asia/Kolkata,0,5.5,India
Nalhati,24.29704,87.82899,IN,Asia/Kolkata,0,5.5,India
Gokarna,14.55,74.31667,IN,Asia/Kolkata,0,5.5,India
Koregaon,18.64573,74.05909,IN,Asia/Kolkata,0,5.5,India
Kandla,23.03333,70.21667,IN,Asia/Kolkata,0,5.5,India
Behror,27.88832,76.28108,IN,Asia/Kolkata,0,5.5,India
Avanigadda,16.02148,80.91808,IN,Asia/Kolkata,0,5.5,India
Srinivaspur,13.33914,78.21175,IN,Asia/Kolkata,0,5.5,India
Nongstoin,25.51704,91.26484,IN,Asia/Kolkata,0,5.5,India
Mussoorie,30.45498,78.07068,IN,Asia/Kolkata,0,5.5,India
Annigeri,15.42513,75.4335,IN,Asia/Kolkata,0,5.5,India
Mahendragarh,28.26935,76.15253,IN,Asia/Kolkata,0,5.5,India
Jais,26.2649,81.54855,IN,Asia/Kolkata,0,5.5,India
Pawayan,28.06626,80.10305,IN,Asia/Kolkata,0,5.5,India
Chhabra,24.66472,76.84379,IN,Asia/Kolkata,0,5.5,India
Khajuraho Group of Monuments,24.84809,79.93351,IN,Asia/Kolkata,0,5.5,India
Sadri,25.18555,73.45288,IN,Asia/Kolkata,0,5.5,India
Jandiala,31.1593,75.61755,IN,Asia/Kolkata,0,5.5,India
Uran,18.87813,72.93924,IN,Asia/Kolkata,0,5.5,India
Pasighat,28.06631,95.32678,IN,Asia/Kolkata,0,5.5,India
Mauganj,24.66721,81.87339,IN,Asia/Kolkata,0,5.5,India
Tekkalakote,15.53444,76.87703,IN,Asia/Kolkata,0,5.5,India
Kallidaikurichi,8.68591,77.46592,IN,Asia/Kolkata,0,5.5,India
Colonelganj,27.13432,81.69868,IN,Asia/Kolkata,0,5.5,India
Mehndawal,26.97579,83.10995,IN,Asia/Kolkata,0,5.5,India
Koelwar,25.58055,84.79751,IN,Asia/Kolkata,0,5.5,India
Kagal,16.57702,74.31544,IN,Asia/Kolkata,0,5.5,India
Bannur,12.33295,76.86201,IN,Asia/Kolkata,0,5.5,India
Kuttampuzha,10.15033,76.73544,IN,Asia/Kolkata,0,5.5,India
Budhlada,29.92799,75.56205,IN,Asia/Kolkata,0,5.5,India
Nileshwar,12.25953,75.1352,IN,Asia/Kolkata,0,5.5,India
Karkala,13.21428,74.99234,IN,Asia/Kolkata,0,5.5,India
Kadakkavoor,8.67921,76.76714,IN,Asia/Kolkata,0,5.5,India
Sundarnagar,31.53523,76.905,IN,Asia/Kolkata,0,5.5,India
Banganapalle,15.31771,78.22669,IN,Asia/Kolkata,0,5.5,India
Asandh,29.52119,76.60552,IN,Asia/Kolkata,0,5.5,India
Hadagalli,15.02048,75.93185,IN,Asia/Kolkata,0,5.5,India
Anupshahr,28.35748,78.26914,IN,Asia/Kolkata,0,5.5,India
Jalalabad,29.61853,77.43908,IN,Asia/Kolkata,0,5.5,India
Lumding Railway Colony,25.74903,93.16998,IN,Asia/Kolkata,0,5.5,India
Songadh,21.16966,73.56357,IN,Asia/Kolkata,0,5.5,India
Shamsabad,27.5371,79.43796,IN,Asia/Kolkata,0,5.5,India
Kithor,28.86684,77.93861,IN,Asia/Kolkata,0,5.5,India
Machhlishahr,25.68564,82.41106,IN,Asia/Kolkata,0,5.5,India
Baloda Bazar,21.65678,82.16062,IN,Asia/Kolkata,0,5.5,India
Devanhalli,13.24655,77.71183,IN,Asia/Kolkata,0,5.5,India
Gursarai,25.61677,79.18053,IN,Asia/Kolkata,0,5.5,India
Ringas,27.3636,75.56838,IN,Asia/Kolkata,0,5.5,India
Arumuganeri,8.5688,78.09091,IN,Asia/Kolkata,0,5.5,India
Vayalar,9.71158,76.33888,IN,Asia/Kolkata,0,5.5,India
Ahraura,25.01579,83.03294,IN,Asia/Kolkata,0,5.5,India
Rampachodavaram,17.44088,81.77558,IN,Asia/Kolkata,0,5.5,India
Malakanagiri,18.36428,81.888,IN,Asia/Kolkata,0,5.5,India
Kanigiri,15.40555,79.50694,IN,Asia/Kolkata,0,5.5,India
Chengannur,9.31575,76.61513,IN,Asia/Kolkata,0,5.5,India
Chandauli,25.25803,83.26825,IN,Asia/Kolkata,0,5.5,India
Dakor,22.75268,73.14967,IN,Asia/Kolkata,0,5.5,India
Paramathi Velur,11.1916,77.9563,IN,Asia/Kolkata,0,5.5,India
Sandi,27.28867,79.9519,IN,Asia/Kolkata,0,5.5,India
Padam,33.46659,76.88488,IN,Asia/Kolkata,0,5.5,India
Kolasib,24.22388,92.67869,IN,Asia/Kolkata,0,5.5,India
Marayur,10.27641,77.16205,IN,Asia/Kolkata,0,5.5,India
Shiraguppi,16.61875,74.70907,IN,Asia/Kolkata,0,5.5,India
Abu,24.59365,72.71756,IN,Asia/Kolkata,0,5.5,India
Sheohar,26.51393,85.29341,IN,Asia/Kolkata,0,5.5,India
Kunda,25.71702,81.51396,IN,Asia/Kolkata,0,5.5,India
Deori Khas,23.39017,79.0163,IN,Asia/Kolkata,0,5.5,India
Sakleshpur,12.94119,75.78467,IN,Asia/Kolkata,0,5.5,India
Bemetara,21.71556,81.53423,IN,Asia/Kolkata,0,5.5,India
Bawana,28.7982,77.03431,IN,Asia/Kolkata,0,5.5,India
Periyanayakkanpalaiyam,11.15255,76.95159,IN,Asia/Kolkata,0,5.5,India
Kanth,29.05939,78.62951,IN,Asia/Kolkata,0,5.5,India
Charkhari,25.40304,79.74877,IN,Asia/Kolkata,0,5.5,India
Mangaldai,26.44212,92.03047,IN,Asia/Kolkata,0,5.5,India
Vadnagar,23.78593,72.63893,IN,Asia/Kolkata,0,5.5,India
Safipur,26.73783,80.3435,IN,Asia/Kolkata,0,5.5,India
Kabrai,25.40281,79.9997,IN,Asia/Kolkata,0,5.5,India
Kheda,22.75218,72.68533,IN,Asia/Kolkata,0,5.5,India
Ponneri,13.33868,80.19487,IN,Asia/Kolkata,0,5.5,India
Talwara,31.9376,75.88657,IN,Asia/Kolkata,0,5.5,India
Vadakku Valliyur,8.38286,77.61221,IN,Asia/Kolkata,0,5.5,India
Tharad,24.39597,71.62577,IN,Asia/Kolkata,0,5.5,India
Gauripur,26.08334,89.96118,IN,Asia/Kolkata,0,5.5,India
Hosdurga,13.79631,76.28408,IN,Asia/Kolkata,0,5.5,India
Tekkali,18.6057,84.23546,IN,Asia/Kolkata,0,5.5,India
Pakala,13.44903,79.11493,IN,Asia/Kolkata,0,5.5,India
Minjur,13.27951,80.25815,IN,Asia/Kolkata,0,5.5,India
Naduvannur,11.48772,75.77511,IN,Asia/Kolkata,0,5.5,India
Andol,17.81458,78.07713,IN,Asia/Kolkata,0,5.5,India
Bijbehara,33.79378,75.107,IN,Asia/Kolkata,0,5.5,India
Gorantla,13.98411,77.77224,IN,Asia/Kolkata,0,5.5,India
Dataganj,28.0253,79.40819,IN,Asia/Kolkata,0,5.5,India
Kailaras,26.30498,77.616,IN,Asia/Kolkata,0,5.5,India
Chharra,27.9247,78.40102,IN,Asia/Kolkata,0,5.5,India
Faizpur,21.16766,75.86006,IN,Asia/Kolkata,0,5.5,India
Chhota Udepur,22.30401,74.0158,IN,Asia/Kolkata,0,5.5,India
Singapur,17.46982,78.12574,IN,Asia/Kolkata,0,5.5,India
Sahaspur,29.12125,78.62273,IN,Asia/Kolkata,0,5.5,India
Andippatti,9.99797,77.62097,IN,Asia/Kolkata,0,5.5,India
Kant,27.81049,79.79185,IN,Asia/Kolkata,0,5.5,India
Margherita,27.28482,95.66796,IN,Asia/Kolkata,0,5.5,India
Jamtara,23.963,86.80285,IN,Asia/Kolkata,0,5.5,India
Avinashi,11.19297,77.26865,IN,Asia/Kolkata,0,5.5,India
Iringal,11.55929,75.61663,IN,Asia/Kolkata,0,5.5,India
Uttiramerur,12.61433,79.75748,IN,Asia/Kolkata,0,5.5,India
Vijapur,23.5623,72.74848,IN,Asia/Kolkata,0,5.5,India
Chiknayakanhalli,13.41609,76.62063,IN,Asia/Kolkata,0,5.5,India
Krishnarajpet,12.66621,76.4877,IN,Asia/Kolkata,0,5.5,India
Anjad,22.04171,75.05519,IN,Asia/Kolkata,0,5.5,India
Aron,24.38109,77.41739,IN,Asia/Kolkata,0,5.5,India
Narasannapeta,18.41428,84.04463,IN,Asia/Kolkata,0,5.5,India
Sitarganj,28.9293,79.70436,IN,Asia/Kolkata,0,5.5,India
Nandgaon,20.3068,74.65501,IN,Asia/Kolkata,0,5.5,India
Kushtagi,15.75623,76.19112,IN,Asia/Kolkata,0,5.5,India
Sikandarpur,26.04327,84.05298,IN,Asia/Kolkata,0,5.5,India
Muhammadabad,26.03404,83.38114,IN,Asia/Kolkata,0,5.5,India
Kumbalam,9.9063,76.31127,IN,Asia/Kolkata,0,5.5,India
Srisailain,16.07217,78.86816,IN,Asia/Kolkata,0,5.5,India
Barki Saria,24.17594,85.88938,IN,Asia/Kolkata,0,5.5,India
Ayakudi,10.44992,77.55198,IN,Asia/Kolkata,0,5.5,India
Gangapur,19.69718,75.01045,IN,Asia/Kolkata,0,5.5,India
Aluva,10.10764,76.35158,IN,Asia/Kolkata,0,5.5,India
Rajaldesar,28.02849,74.47442,IN,Asia/Kolkata,0,5.5,India
Hastinapur,29.16042,78.00762,IN,Asia/Kolkata,0,5.5,India
Pathardi,19.17279,75.17425,IN,Asia/Kolkata,0,5.5,India
Colgong,25.26328,87.23264,IN,Asia/Kolkata,0,5.5,India
Chettipalaiyam,10.91248,77.03699,IN,Asia/Kolkata,0,5.5,India
Manasa,24.47764,75.14095,IN,Asia/Kolkata,0,5.5,India
Bhachau,23.29858,70.34279,IN,Asia/Kolkata,0,5.5,India
Bagepalli,13.78338,77.79667,IN,Asia/Kolkata,0,5.5,India
Kotturu,14.82442,76.22005,IN,Asia/Kolkata,0,5.5,India
Mul,20.06987,79.67826,IN,Asia/Kolkata,0,5.5,India
Shrirangapattana,12.42264,76.68439,IN,Asia/Kolkata,0,5.5,India
Chengam,12.30889,78.79137,IN,Asia/Kolkata,0,5.5,India
Bazpur,29.15299,79.10814,IN,Asia/Kolkata,0,5.5,India
Mangrol,25.33061,76.50973,IN,Asia/Kolkata,0,5.5,India
Sohagpur,22.70055,78.19522,IN,Asia/Kolkata,0,5.5,India
Murliganj,25.8969,86.99577,IN,Asia/Kolkata,0,5.5,India
Reoti,25.85091,84.3778,IN,Asia/Kolkata,0,5.5,India
Fatehganj West,28.4662,79.30657,IN,Asia/Kolkata,0,5.5,India
Waraseoni,21.76184,80.04301,IN,Asia/Kolkata,0,5.5,India
Taramangalam,11.69403,77.97035,IN,Asia/Kolkata,0,5.5,India
Diu,20.71405,70.98224,IN,Asia/Kolkata,0,5.5,India
Manihari,25.33891,87.61998,IN,Asia/Kolkata,0,5.5,India
Lalganj,25.93182,81.70478,IN,Asia/Kolkata,0,5.5,India
Alwaye,10.10649,76.35484,IN,Asia/Kolkata,0,5.5,India
Kharakvasla,18.43997,73.77545,IN,Asia/Kolkata,0,5.5,India
Dhanera,24.50967,72.02343,IN,Asia/Kolkata,0,5.5,India
Penugonda,16.65363,81.7455,IN,Asia/Kolkata,0,5.5,India
Mariani,26.65725,94.31529,IN,Asia/Kolkata,0,5.5,India
Ladwa,29.9935,77.04563,IN,Asia/Kolkata,0,5.5,India
Nagar,27.42397,77.09922,IN,Asia/Kolkata,0,5.5,India
Doraha,30.79953,76.02355,IN,Asia/Kolkata,0,5.5,India
Morinda,30.79014,76.49883,IN,Asia/Kolkata,0,5.5,India
Panchla,22.53665,88.13785,IN,Asia/Kolkata,0,5.5,India
Nadbai,27.22288,77.19569,IN,Asia/Kolkata,0,5.5,India
Jhinjhak,26.56093,79.73423,IN,Asia/Kolkata,0,5.5,India
Malpe,13.34962,74.70394,IN,Asia/Kolkata,0,5.5,India
Birur,13.59723,75.97167,IN,Asia/Kolkata,0,5.5,India
Mandal,25.44126,74.56979,IN,Asia/Kolkata,0,5.5,India
Shishgarh,28.72928,79.31469,IN,Asia/Kolkata,0,5.5,India
Keshorai Patan,25.29275,75.93948,IN,Asia/Kolkata,0,5.5,India
Pawni,20.79229,79.63644,IN,Asia/Kolkata,0,5.5,India
Chhatapur,26.21965,87.00479,IN,Asia/Kolkata,0,5.5,India
Basni,27.17232,73.64519,IN,Asia/Kolkata,0,5.5,India
Khategaon,22.59573,76.9133,IN,Asia/Kolkata,0,5.5,India
Ramtek,21.39562,79.32725,IN,Asia/Kolkata,0,5.5,India
Savantvadi,15.90413,73.82191,IN,Asia/Kolkata,0,5.5,India
Monoharpur,22.10833,88.07889,IN,Asia/Kolkata,0,5.5,India
Bagha Purana,30.68809,75.09838,IN,Asia/Kolkata,0,5.5,India
Injambakkam,12.9162,80.2488,IN,Asia/Kolkata,0,5.5,India
Dinanagar,32.13664,75.47291,IN,Asia/Kolkata,0,5.5,India
Soygaon,20.59606,75.61765,IN,Asia/Kolkata,0,5.5,India
Udaipur,23.53333,91.48333,IN,Asia/Kolkata,0,5.5,India
Nasriganj,25.0514,84.32839,IN,Asia/Kolkata,0,5.5,India
Jaleshwar,21.80176,87.2225,IN,Asia/Kolkata,0,5.5,India
Bewar,27.21869,79.29761,IN,Asia/Kolkata,0,5.5,India
Koothanallur,10.7199,79.5157,IN,Asia/Kolkata,0,5.5,India
Pindwara,24.79749,73.05505,IN,Asia/Kolkata,0,5.5,India
Navalgund,15.55877,75.35305,IN,Asia/Kolkata,0,5.5,India
Khandela,27.60499,75.502,IN,Asia/Kolkata,0,5.5,India
Chakan,18.76059,73.86351,IN,Asia/Kolkata,0,5.5,India
Alot,23.76336,75.55662,IN,Asia/Kolkata,0,5.5,India
Dharuhera,28.20553,76.79691,IN,Asia/Kolkata,0,5.5,India
Kurduvadi,18.09339,75.41567,IN,Asia/Kolkata,0,5.5,India
Chandur,19.73444,79.17167,IN,Asia/Kolkata,0,5.5,India
Lalganj,25.799,82.99768,IN,Asia/Kolkata,0,5.5,India
Colachel,8.17938,77.25818,IN,Asia/Kolkata,0,5.5,India
Nakur,29.91964,77.30438,IN,Asia/Kolkata,0,5.5,India
Shamgarh,24.18817,75.63903,IN,Asia/Kolkata,0,5.5,India
Kuchaiburi,22.26675,86.17385,IN,Asia/Kolkata,0,5.5,India
Darwha,20.31017,77.77257,IN,Asia/Kolkata,0,5.5,India
Pipri,19.79371,75.53519,IN,Asia/Kolkata,0,5.5,India
Muluppilagadu,11.79788,75.45111,IN,Asia/Kolkata,0,5.5,India
Kurinjippadi,11.55028,79.59066,IN,Asia/Kolkata,0,5.5,India
Kudligi,14.905,76.38527,IN,Asia/Kolkata,0,5.5,India
Vemalwada,18.46523,78.86894,IN,Asia/Kolkata,0,5.5,India
Saidpur,25.53749,83.22378,IN,Asia/Kolkata,0,5.5,India
Phulpur,25.54895,82.0895,IN,Asia/Kolkata,0,5.5,India
Kutiatodu,9.8,76.33333,IN,Asia/Kolkata,0,5.5,India
Balarampur,23.09714,86.22292,IN,Asia/Kolkata,0,5.5,India
Sambhar,26.90806,75.19137,IN,Asia/Kolkata,0,5.5,India
Karmala,18.4077,75.19386,IN,Asia/Kolkata,0,5.5,India
Vaikam,9.74858,76.39637,IN,Asia/Kolkata,0,5.5,India
Raghunathpur,23.53878,86.6735,IN,Asia/Kolkata,0,5.5,India
Amarpur,25.03967,86.90247,IN,Asia/Kolkata,0,5.5,India
Hinjilikatu,19.48166,84.74489,IN,Asia/Kolkata,0,5.5,India
Uttamapalaiyam,9.80701,77.32718,IN,Asia/Kolkata,0,5.5,India
Tarana,23.33383,76.04253,IN,Asia/Kolkata,0,5.5,India
Pariyapuram,11.01667,75.86667,IN,Asia/Kolkata,0,5.5,India
Mukerian,31.95394,75.61716,IN,Asia/Kolkata,0,5.5,India
Lathi,21.7231,71.38843,IN,Asia/Kolkata,0,5.5,India
Rania,29.52454,74.83689,IN,Asia/Kolkata,0,5.5,India
Kalamnuri,19.67386,77.31149,IN,Asia/Kolkata,0,5.5,India
Itimadpur,27.23541,78.19829,IN,Asia/Kolkata,0,5.5,India
Banswada,18.37725,77.88007,IN,Asia/Kolkata,0,5.5,India
Saiha,22.49183,92.98143,IN,Asia/Kolkata,0,5.5,India
Cumbum,15.58171,79.11059,IN,Asia/Kolkata,0,5.5,India
Matabhanga,26.34197,89.21555,IN,Asia/Kolkata,0,5.5,India
Vattalkundu,10.16069,77.75883,IN,Asia/Kolkata,0,5.5,India
Mahwah,27.04594,76.93152,IN,Asia/Kolkata,0,5.5,India
Bissau,28.24737,75.07666,IN,Asia/Kolkata,0,5.5,India
Todaraisingh,26.02401,75.48182,IN,Asia/Kolkata,0,5.5,India
Jashpurnagar,22.88783,84.13864,IN,Asia/Kolkata,0,5.5,India
Ron,15.69935,75.73408,IN,Asia/Kolkata,0,5.5,India
Baddi,30.95783,76.79136,IN,Asia/Kolkata,0,5.5,India
Phillaur,31.01887,75.79111,IN,Asia/Kolkata,0,5.5,India
Jamai,22.19644,78.59191,IN,Asia/Kolkata,0,5.5,India
Phulera,26.87401,75.24171,IN,Asia/Kolkata,0,5.5,India
Pukhrayan,26.22375,79.83739,IN,Asia/Kolkata,0,5.5,India
Sirsi,28.63916,78.64303,IN,Asia/Kolkata,0,5.5,India
Todabhim,26.91667,76.81667,IN,Asia/Kolkata,0,5.5,India
Tiruppuvanam,9.82564,78.25795,IN,Asia/Kolkata,0,5.5,India
Baswa,27.14955,76.58345,IN,Asia/Kolkata,0,5.5,India
Curchorem,15.26349,74.10875,IN,Asia/Kolkata,0,5.5,India
Tulsipur,27.5337,82.41653,IN,Asia/Kolkata,0,5.5,India
Bhander,25.73581,78.74555,IN,Asia/Kolkata,0,5.5,India
Vadippatti,10.08481,77.96113,IN,Asia/Kolkata,0,5.5,India
Naraura,28.20147,78.38723,IN,Asia/Kolkata,0,5.5,India
Maharajgani,26.11017,84.50365,IN,Asia/Kolkata,0,5.5,India
Nainpur,22.42996,80.10561,IN,Asia/Kolkata,0,5.5,India
Ramanayyapeta,16.94516,82.2385,IN,Asia/Kolkata,0,5.5,India
Silapathar,27.59441,94.72402,IN,Asia/Kolkata,0,5.5,India
Balod,20.73081,81.20578,IN,Asia/Kolkata,0,5.5,India
Gunupur,19.0804,83.80879,IN,Asia/Kolkata,0,5.5,India
Mariahu,25.60404,82.60379,IN,Asia/Kolkata,0,5.5,India
Purwa,26.45756,80.77403,IN,Asia/Kolkata,0,5.5,India
Sahawar,27.79603,78.83373,IN,Asia/Kolkata,0,5.5,India
Sidhauli,27.28202,80.8345,IN,Asia/Kolkata,0,5.5,India
Adra,23.49668,86.68363,IN,Asia/Kolkata,0,5.5,India
Mayang Imphal,24.60998,93.88873,IN,Asia/Kolkata,0,5.5,India
Muhammadabad,27.30895,79.43252,IN,Asia/Kolkata,0,5.5,India
Someshwar,13.49112,75.06646,IN,Asia/Kolkata,0,5.5,India
Sadalgi,16.5587,74.53211,IN,Asia/Kolkata,0,5.5,India
Tinnanur,13.11448,80.02713,IN,Asia/Kolkata,0,5.5,India
Kailashahar,24.33199,92.00391,IN,Asia/Kolkata,0,5.5,India
Beohari,24.02423,81.37831,IN,Asia/Kolkata,0,5.5,India
Namagiripettai,11.45513,78.26818,IN,Asia/Kolkata,0,5.5,India
Ghoti Budrukh,19.71641,73.62821,IN,Asia/Kolkata,0,5.5,India
Siwana,25.65154,72.42243,IN,Asia/Kolkata,0,5.5,India
Multai,21.77463,78.25756,IN,Asia/Kolkata,0,5.5,India
Bhinga,27.70283,81.9343,IN,Asia/Kolkata,0,5.5,India
Fatehabad,27.02645,78.3027,IN,Asia/Kolkata,0,5.5,India
Kumher,27.31657,77.37079,IN,Asia/Kolkata,0,5.5,India
Nattam,10.22776,78.22969,IN,Asia/Kolkata,0,5.5,India
Laungowal,30.19393,75.68089,IN,Asia/Kolkata,0,5.5,India
Chandrakona,22.73333,87.51667,IN,Asia/Kolkata,0,5.5,India
Farakka,24.81667,87.9,IN,Asia/Kolkata,0,5.5,India
Tijara,27.93411,76.85541,IN,Asia/Kolkata,0,5.5,India
Silao,25.08358,85.42804,IN,Asia/Kolkata,0,5.5,India
Mundargi,15.20677,75.8839,IN,Asia/Kolkata,0,5.5,India
Kuchera,26.98747,73.97108,IN,Asia/Kolkata,0,5.5,India
Paonta Sahib,30.43666,77.62462,IN,Asia/Kolkata,0,5.5,India
Lonar,19.98533,76.52046,IN,Asia/Kolkata,0,5.5,India
Dattapur,20.78075,78.1407,IN,Asia/Kolkata,0,5.5,India
Napasar,27.96059,73.55913,IN,Asia/Kolkata,0,5.5,India
Patur,20.46093,76.93725,IN,Asia/Kolkata,0,5.5,India
Nagod,24.56924,80.58809,IN,Asia/Kolkata,0,5.5,India
Dum Duma,27.56884,95.55664,IN,Asia/Kolkata,0,5.5,India
Nilakottai,10.165,77.85024,IN,Asia/Kolkata,0,5.5,India
Peravurani,10.29035,79.20156,IN,Asia/Kolkata,0,5.5,India
Haliyal,15.32864,74.75638,IN,Asia/Kolkata,0,5.5,India
Dalsingh Sarai,25.66795,85.83636,IN,Asia/Kolkata,0,5.5,India
Karanpur,29.84042,73.45519,IN,Asia/Kolkata,0,5.5,India
Samthar,25.84348,78.90683,IN,Asia/Kolkata,0,5.5,India
Banat,29.46355,77.35478,IN,Asia/Kolkata,0,5.5,India
Mandalgarh,25.19407,75.07215,IN,Asia/Kolkata,0,5.5,India
Muttupet,10.39505,79.49353,IN,Asia/Kolkata,0,5.5,India
Sakti,22.02662,82.96091,IN,Asia/Kolkata,0,5.5,India
Belur,13.16558,75.86519,IN,Asia/Kolkata,0,5.5,India
Gingee,12.25282,79.41727,IN,Asia/Kolkata,0,5.5,India
Rapar,23.57267,70.64718,IN,Asia/Kolkata,0,5.5,India
Chamba,32.55531,76.12647,IN,Asia/Kolkata,0,5.5,India
Maheshwar,22.17592,75.58715,IN,Asia/Kolkata,0,5.5,India
Kasrawad,22.12745,75.61101,IN,Asia/Kolkata,0,5.5,India
Bansdih,25.88377,84.21827,IN,Asia/Kolkata,0,5.5,India
Guruvayur,10.5943,76.0411,IN,Asia/Kolkata,0,5.5,India
Mhasvad,17.63359,74.78773,IN,Asia/Kolkata,0,5.5,India
Jaitaran,26.20446,73.93676,IN,Asia/Kolkata,0,5.5,India
Ratanpur,22.2866,82.16823,IN,Asia/Kolkata,0,5.5,India
Kurandvad,16.68317,74.58892,IN,Asia/Kolkata,0,5.5,India
Alandi,18.67756,73.89868,IN,Asia/Kolkata,0,5.5,India
Mandawar,29.48655,78.12732,IN,Asia/Kolkata,0,5.5,India
Pallikonda,12.90518,78.9427,IN,Asia/Kolkata,0,5.5,India
Akaltara,22.02463,82.42641,IN,Asia/Kolkata,0,5.5,India
Bedi,22.50143,70.04363,IN,Asia/Kolkata,0,5.5,India
Seondha,26.15422,78.7812,IN,Asia/Kolkata,0,5.5,India
Kharkhauda,28.8787,76.91069,IN,Asia/Kolkata,0,5.5,India
Deoli,25.75728,75.37991,IN,Asia/Kolkata,0,5.5,India
Pali,23.36453,81.04374,IN,Asia/Kolkata,0,5.5,India
Dhekiajuli,26.70367,92.47808,IN,Asia/Kolkata,0,5.5,India
Chhata,27.72374,77.5081,IN,Asia/Kolkata,0,5.5,India
Asifabad,19.35851,79.28415,IN,Asia/Kolkata,0,5.5,India
Dharampur,20.53693,73.17368,IN,Asia/Kolkata,0,5.5,India
Telhara,21.02694,76.83889,IN,Asia/Kolkata,0,5.5,India
Asika,19.61114,84.65998,IN,Asia/Kolkata,0,5.5,India
Deogarh,21.53827,84.73337,IN,Asia/Kolkata,0,5.5,India
Chatrapur,19.35574,84.98359,IN,Asia/Kolkata,0,5.5,India
Basi,26.8315,76.04856,IN,Asia/Kolkata,0,5.5,India
Dhulagari,22.58213,88.171,IN,Asia/Kolkata,0,5.5,India
Okha,22.46756,69.07002,IN,Asia/Kolkata,0,5.5,India
Kiraoli,27.13768,77.78516,IN,Asia/Kolkata,0,5.5,India
Kantabanji,20.46709,82.92042,IN,Asia/Kolkata,0,5.5,India
Qadian,31.82198,75.37663,IN,Asia/Kolkata,0,5.5,India
Pokaran,26.92007,71.91631,IN,Asia/Kolkata,0,5.5,India
Mudgal,16.01191,76.44203,IN,Asia/Kolkata,0,5.5,India
Abrama,20.85865,72.90648,IN,Asia/Kolkata,0,5.5,India
Bagula,23.33664,88.64109,IN,Asia/Kolkata,0,5.5,India
Gunnaur,28.23995,78.43994,IN,Asia/Kolkata,0,5.5,India
Sarauli,28.49404,79.09177,IN,Asia/Kolkata,0,5.5,India
Lalgudi,10.87419,78.81935,IN,Asia/Kolkata,0,5.5,India
Nabinagar,24.60681,84.12624,IN,Asia/Kolkata,0,5.5,India
Tharangambadi,11.02764,79.85425,IN,Asia/Kolkata,0,5.5,India
Begun,24.98333,75,IN,Asia/Kolkata,0,5.5,India
Dhing,26.46793,92.47336,IN,Asia/Kolkata,0,5.5,India
Hukeri,16.23082,74.60244,IN,Asia/Kolkata,0,5.5,India
Bhanvad,21.93053,69.78081,IN,Asia/Kolkata,0,5.5,India
Morigaon,26.24908,92.34764,IN,Asia/Kolkata,0,5.5,India
Clement Town,30.26361,78.00862,IN,Asia/Kolkata,0,5.5,India
Ghatanji,20.14183,78.31333,IN,Asia/Kolkata,0,5.5,India
Mudkhed,19.15657,77.50304,IN,Asia/Kolkata,0,5.5,India
Sivagiri,9.34461,77.42911,IN,Asia/Kolkata,0,5.5,India
Latehar,23.74423,84.49984,IN,Asia/Kolkata,0,5.5,India
Kaikalur,16.55154,81.214,IN,Asia/Kolkata,0,5.5,India
Kheralu,23.88534,72.61869,IN,Asia/Kolkata,0,5.5,India
Alibag,18.64813,72.87579,IN,Asia/Kolkata,0,5.5,India
Alipur,28.79862,77.13314,IN,Asia/Kolkata,0,5.5,India
Dasuya,31.81679,75.6531,IN,Asia/Kolkata,0,5.5,India
Digboi,27.39321,95.61839,IN,Asia/Kolkata,0,5.5,India
Kil Bhuvanagiri,11.44216,79.64763,IN,Asia/Kolkata,0,5.5,India
Bhanjanagar,19.92719,84.58201,IN,Asia/Kolkata,0,5.5,India
Kuzhithurai,8.31792,77.19192,IN,Asia/Kolkata,0,5.5,India
Dhariwal,31.95616,75.32386,IN,Asia/Kolkata,0,5.5,India
Polasara,19.69386,84.81401,IN,Asia/Kolkata,0,5.5,India
Kishtwar,33.31346,75.76726,IN,Asia/Kolkata,0,5.5,India
Kanniyakumari,8.09008,77.53841,IN,Asia/Kolkata,0,5.5,India
Achhnera,27.17826,77.75674,IN,Asia/Kolkata,0,5.5,India
Chillupar,26.28221,83.5064,IN,Asia/Kolkata,0,5.5,India
Jainagar,26.59048,86.13791,IN,Asia/Kolkata,0,5.5,India
Bhuban,20.88197,85.83334,IN,Asia/Kolkata,0,5.5,India
Maniar,25.98546,84.17233,IN,Asia/Kolkata,0,5.5,India
Chincholi,17.46508,77.41874,IN,Asia/Kolkata,0,5.5,India
Machhiwara,30.91557,76.20016,IN,Asia/Kolkata,0,5.5,India
Anthiyur,11.57506,77.59043,IN,Asia/Kolkata,0,5.5,India
Nimaj,26.14995,74.00094,IN,Asia/Kolkata,0,5.5,India
Tufanganj,26.31688,89.66549,IN,Asia/Kolkata,0,5.5,India
Harur,12.05267,78.48023,IN,Asia/Kolkata,0,5.5,India
Dugda,23.74516,86.17175,IN,Asia/Kolkata,0,5.5,India
Tisaiyanvilai,8.33702,77.86776,IN,Asia/Kolkata,0,5.5,India
Channagiri,14.02399,75.92577,IN,Asia/Kolkata,0,5.5,India
Jhalu,29.33609,78.22608,IN,Asia/Kolkata,0,5.5,India
Jahazpur,25.61994,75.27609,IN,Asia/Kolkata,0,5.5,India
Akkarampalle,13.65,79.42,IN,Asia/Kolkata,0,5.5,India
Byndoor,13.86667,74.63333,IN,Asia/Kolkata,0,5.5,India
Pallappatti,10.72057,77.87951,IN,Asia/Kolkata,0,5.5,India
Wellington,11.36552,76.78442,IN,Asia/Kolkata,0,5.5,India
Serchhip,23.29312,92.84679,IN,Asia/Kolkata,0,5.5,India
Penukonda,14.08286,77.59473,IN,Asia/Kolkata,0,5.5,India
Srinagar,30.22243,78.78341,IN,Asia/Kolkata,0,5.5,India
Padmanabhapuram,8.24462,77.32581,IN,Asia/Kolkata,0,5.5,India
Barpali,21.19005,83.58721,IN,Asia/Kolkata,0,5.5,India
Firozpur Jhirka,27.78853,76.94496,IN,Asia/Kolkata,0,5.5,India
Morwa,22.90469,73.83912,IN,Asia/Kolkata,0,5.5,India
Mairwa,26.23218,84.16349,IN,Asia/Kolkata,0,5.5,India
Jevargi,17.01394,76.77317,IN,Asia/Kolkata,0,5.5,India
Kaimori,23.38465,79.7442,IN,Asia/Kolkata,0,5.5,India
Mau Aimma,25.69515,81.92336,IN,Asia/Kolkata,0,5.5,India
Falakata,26.51963,89.20423,IN,Asia/Kolkata,0,5.5,India
Katghora,22.50247,82.54279,IN,Asia/Kolkata,0,5.5,India
Chinna Salem,11.63422,78.87412,IN,Asia/Kolkata,0,5.5,India
Dhaurahra,27.99814,81.08975,IN,Asia/Kolkata,0,5.5,India
Khairagarh,26.94269,77.8189,IN,Asia/Kolkata,0,5.5,India
Afzalpur,17.19986,76.36018,IN,Asia/Kolkata,0,5.5,India
Maksi,23.25999,76.14567,IN,Asia/Kolkata,0,5.5,India
Narayangarh,30.47798,77.12804,IN,Asia/Kolkata,0,5.5,India
Mungaoli,24.40837,78.09588,IN,Asia/Kolkata,0,5.5,India
Pulwama,33.87405,74.89955,IN,Asia/Kolkata,0,5.5,India
Sirumugai,11.32137,77.00521,IN,Asia/Kolkata,0,5.5,India
Khowai,24.07964,91.59972,IN,Asia/Kolkata,0,5.5,India
Govardhan,27.49658,77.46263,IN,Asia/Kolkata,0,5.5,India
Nawa,27.0195,75.00226,IN,Asia/Kolkata,0,5.5,India
Raya,27.55607,77.78972,IN,Asia/Kolkata,0,5.5,India
Powai,19.1164,72.90471,IN,Asia/Kolkata,0,5.5,India
Annur,11.23616,77.10514,IN,Asia/Kolkata,0,5.5,India
Dasnapur,19.65399,78.51213,IN,Asia/Kolkata,0,5.5,India
Charthawal,29.54687,77.59438,IN,Asia/Kolkata,0,5.5,India
Siswa Bazar,27.14652,83.75803,IN,Asia/Kolkata,0,5.5,India
Savda,21.15054,75.88938,IN,Asia/Kolkata,0,5.5,India
Ranikhet,29.64082,79.43229,IN,Asia/Kolkata,0,5.5,India
Kuppam,12.74931,78.34189,IN,Asia/Kolkata,0,5.5,India
Suket,24.64609,76.0417,IN,Asia/Kolkata,0,5.5,India
Sangod,24.92707,76.28649,IN,Asia/Kolkata,0,5.5,India
Kulu,31.95835,77.10823,IN,Asia/Kolkata,0,5.5,India
Deoranian,28.62989,79.47648,IN,Asia/Kolkata,0,5.5,India
Kattanam,9.17614,76.56325,IN,Asia/Kolkata,0,5.5,India
Marakkanam,12.19214,79.94193,IN,Asia/Kolkata,0,5.5,India
Surajgarh,28.31005,75.73271,IN,Asia/Kolkata,0,5.5,India
Jhinjhana,29.52118,77.2247,IN,Asia/Kolkata,0,5.5,India
Rajmahal,25.05303,87.83048,IN,Asia/Kolkata,0,5.5,India
Devgadh Bariya,22.70517,73.90882,IN,Asia/Kolkata,0,5.5,India
Ajnala,31.84473,74.76295,IN,Asia/Kolkata,0,5.5,India
Vadakku Viravanallur,8.69786,77.51916,IN,Asia/Kolkata,0,5.5,India
Aklera,24.41288,76.56719,IN,Asia/Kolkata,0,5.5,India
Sonari,27.02462,95.01629,IN,Asia/Kolkata,0,5.5,India
Kapren,25.40529,76.07431,IN,Asia/Kolkata,0,5.5,India
Palakkodu,12.30696,78.07022,IN,Asia/Kolkata,0,5.5,India
Chandor,20.3306,74.24467,IN,Asia/Kolkata,0,5.5,India
Patnagarh,20.70833,83.13263,IN,Asia/Kolkata,0,5.5,India
Lawar Khas,29.11091,77.77767,IN,Asia/Kolkata,0,5.5,India
Sriramnagar,17.26652,78.25544,IN,Asia/Kolkata,0,5.5,India
Dharamsala,32.22006,76.32013,IN,Asia/Kolkata,0,5.5,India
Pinahat,26.88487,78.37647,IN,Asia/Kolkata,0,5.5,India
Bijawar,24.62351,79.48994,IN,Asia/Kolkata,0,5.5,India
Jansath,29.32502,77.85044,IN,Asia/Kolkata,0,5.5,India
Bundu,23.16095,85.59007,IN,Asia/Kolkata,0,5.5,India
Richha,28.69467,79.52284,IN,Asia/Kolkata,0,5.5,India
Bhayavadar,21.85523,70.24791,IN,Asia/Kolkata,0,5.5,India
Aistala,23.18,88.58,IN,Asia/Kolkata,0,5.5,India
Gannavaram,16.54092,80.80213,IN,Asia/Kolkata,0,5.5,India
Sikka,22.43218,69.84158,IN,Asia/Kolkata,0,5.5,India
Sojitra,22.53884,72.71984,IN,Asia/Kolkata,0,5.5,India
Singur,22.80917,88.22944,IN,Asia/Kolkata,0,5.5,India
Rajpur,21.94022,75.13608,IN,Asia/Kolkata,0,5.5,India
Belsand,26.44365,85.40076,IN,Asia/Kolkata,0,5.5,India
Kuju,23.72536,85.51023,IN,Asia/Kolkata,0,5.5,India
Kalmeshwar,21.23219,78.91988,IN,Asia/Kolkata,0,5.5,India
Maham,28.96912,76.29495,IN,Asia/Kolkata,0,5.5,India
Bhawanigarh,30.26685,76.03854,IN,Asia/Kolkata,0,5.5,India
Wazirganj,28.21145,79.05665,IN,Asia/Kolkata,0,5.5,India
Shahpur,21.23742,76.22558,IN,Asia/Kolkata,0,5.5,India
Kakdwip,21.87914,88.1913,IN,Asia/Kolkata,0,5.5,India
Denkanikota,12.5301,77.78887,IN,Asia/Kolkata,0,5.5,India
Yellapur,14.9637,74.70929,IN,Asia/Kolkata,0,5.5,India
Maholi,27.66368,80.47371,IN,Asia/Kolkata,0,5.5,India
Bilhaur,26.84345,80.06388,IN,Asia/Kolkata,0,5.5,India
Taoru,28.21173,76.94984,IN,Asia/Kolkata,0,5.5,India
Chapar,26.27266,90.44556,IN,Asia/Kolkata,0,5.5,India
Mau,26.26584,78.67108,IN,Asia/Kolkata,0,5.5,India
Dhanaula,30.28216,75.57341,IN,Asia/Kolkata,0,5.5,India
Hamirpur,31.68411,76.52506,IN,Asia/Kolkata,0,5.5,India
Kudachi,16.62784,74.85408,IN,Asia/Kolkata,0,5.5,India
Laksar,29.7587,78.04148,IN,Asia/Kolkata,0,5.5,India
Dindori,22.94141,81.07975,IN,Asia/Kolkata,0,5.5,India
Bali,25.19725,73.29117,IN,Asia/Kolkata,0,5.5,India
Ghatkesar,17.45081,78.68366,IN,Asia/Kolkata,0,5.5,India
Banga,31.18874,75.99495,IN,Asia/Kolkata,0,5.5,India
Chhaprauli,29.20989,77.17454,IN,Asia/Kolkata,0,5.5,India
Kodarma,24.46753,85.59397,IN,Asia/Kolkata,0,5.5,India
Konnur,16.20138,74.74886,IN,Asia/Kolkata,0,5.5,India
Irugur,11.01782,77.06285,IN,Asia/Kolkata,0,5.5,India
Balachor,31.06062,76.30166,IN,Asia/Kolkata,0,5.5,India
Chandur,20.81408,77.98015,IN,Asia/Kolkata,0,5.5,India
Surianwan,25.46387,82.41922,IN,Asia/Kolkata,0,5.5,India
Tekari,24.94253,84.84265,IN,Asia/Kolkata,0,5.5,India
Dharur,18.82017,76.10937,IN,Asia/Kolkata,0,5.5,India
Kirandul,18.63649,81.25827,IN,Asia/Kolkata,0,5.5,India
French Rocks,12.50094,76.67416,IN,Asia/Kolkata,0,5.5,India
Amlagora,22.84616,87.33559,IN,Asia/Kolkata,0,5.5,India
Hungund,16.06213,76.0586,IN,Asia/Kolkata,0,5.5,India
Vasudevanallur,9.24171,77.41177,IN,Asia/Kolkata,0,5.5,India
Udangudi,8.42918,78.02968,IN,Asia/Kolkata,0,5.5,India
Anshing,20.0409,77.31501,IN,Asia/Kolkata,0,5.5,India
Bhasawar,27.03895,77.04849,IN,Asia/Kolkata,0,5.5,India
Babra,21.84577,71.30544,IN,Asia/Kolkata,0,5.5,India
Parichhatgarh,28.97841,77.93422,IN,Asia/Kolkata,0,5.5,India
Bhor,18.14861,73.84336,IN,Asia/Kolkata,0,5.5,India
Kulpahar,25.32007,79.63931,IN,Asia/Kolkata,0,5.5,India
Birpur,26.50823,87.01194,IN,Asia/Kolkata,0,5.5,India
Harij,23.69356,71.907,IN,Asia/Kolkata,0,5.5,India
Velur,11.10825,78.00113,IN,Asia/Kolkata,0,5.5,India
Sulya,12.561,75.38741,IN,Asia/Kolkata,0,5.5,India
Baud,20.83773,84.32618,IN,Asia/Kolkata,0,5.5,India
Mulgund,15.2807,75.52132,IN,Asia/Kolkata,0,5.5,India
Ponda,15.40341,74.01519,IN,Asia/Kolkata,0,5.5,India
Shahpur,29.3501,77.5516,IN,Asia/Kolkata,0,5.5,India
Marahra,27.7368,78.56891,IN,Asia/Kolkata,0,5.5,India
Chicholi,21.46926,79.70151,IN,Asia/Kolkata,0,5.5,India
Malvan,16.05981,73.4629,IN,Asia/Kolkata,0,5.5,India
Pahasu,28.1722,78.06376,IN,Asia/Kolkata,0,5.5,India
Rajgurunagar,18.86667,73.9,IN,Asia/Kolkata,0,5.5,India
Akbarpur,26.38371,79.94926,IN,Asia/Kolkata,0,5.5,India
Mallasamudram,11.49333,78.03119,IN,Asia/Kolkata,0,5.5,India
Ranipur,25.25034,79.06204,IN,Asia/Kolkata,0,5.5,India
Badnawar,23.02181,75.23268,IN,Asia/Kolkata,0,5.5,India
Chandur Bazar,21.23853,77.74713,IN,Asia/Kolkata,0,5.5,India
Sonepur,20.83333,83.91667,IN,Asia/Kolkata,0,5.5,India
Mon,26.73583,95.05841,IN,Asia/Kolkata,0,5.5,India
Amod,21.99317,72.87047,IN,Asia/Kolkata,0,5.5,India
Rangapara,26.83772,92.66876,IN,Asia/Kolkata,0,5.5,India
Basi,30.58813,76.84498,IN,Asia/Kolkata,0,5.5,India
Nanauta,29.71215,77.41728,IN,Asia/Kolkata,0,5.5,India
Chhapar,27.819,74.43936,IN,Asia/Kolkata,0,5.5,India
Haldaur,29.28988,78.28437,IN,Asia/Kolkata,0,5.5,India
Srirampur,22.94849,88.01954,IN,Asia/Kolkata,0,5.5,India
Mandvi,21.25526,73.30412,IN,Asia/Kolkata,0,5.5,India
Valabhipur,21.88868,71.87935,IN,Asia/Kolkata,0,5.5,India
Samrala,30.83601,76.19324,IN,Asia/Kolkata,0,5.5,India
Kharupatia,26.51839,92.14722,IN,Asia/Kolkata,0,5.5,India
Basi,30.6885,76.40111,IN,Asia/Kolkata,0,5.5,India
Durgapur,20.0054,79.30273,IN,Asia/Kolkata,0,5.5,India
Naravarikuppam,13.19133,80.18473,IN,Asia/Kolkata,0,5.5,India
Phalauda,29.18824,77.82996,IN,Asia/Kolkata,0,5.5,India
Bhum,18.45908,75.65877,IN,Asia/Kolkata,0,5.5,India
Khirkiyan,22.16732,76.86137,IN,Asia/Kolkata,0,5.5,India
Rampura,24.467,75.43996,IN,Asia/Kolkata,0,5.5,India
Padampur,29.70885,73.62539,IN,Asia/Kolkata,0,5.5,India
Namrup,27.19395,95.31929,IN,Asia/Kolkata,0,5.5,India
Along,28.16951,94.8006,IN,Asia/Kolkata,0,5.5,India
Sanaur,30.30182,76.45786,IN,Asia/Kolkata,0,5.5,India
Saraipali,21.3153,83.00629,IN,Asia/Kolkata,0,5.5,India
Honavar,14.28088,74.44497,IN,Asia/Kolkata,0,5.5,India
Visavadar,21.33954,70.74966,IN,Asia/Kolkata,0,5.5,India
Patharia,23.89921,79.19393,IN,Asia/Kolkata,0,5.5,India
Fort Gloster,22.50444,88.18333,IN,Asia/Kolkata,0,5.5,India
Thasra,22.79831,73.21174,IN,Asia/Kolkata,0,5.5,India
Kakori,26.868,80.7857,IN,Asia/Kolkata,0,5.5,India
Chetput,13.07,80.24083,IN,Asia/Kolkata,0,5.5,India
Ramjibanpur,22.82815,87.60888,IN,Asia/Kolkata,0,5.5,India
Daboh,26.00239,78.87658,IN,Asia/Kolkata,0,5.5,India
Wer,27.0186,77.17636,IN,Asia/Kolkata,0,5.5,India
Nasrullahganj,22.6837,77.27069,IN,Asia/Kolkata,0,5.5,India
Kharsia,21.98953,83.10476,IN,Asia/Kolkata,0,5.5,India
Pataudi,28.32547,76.77858,IN,Asia/Kolkata,0,5.5,India
Gurmatkal,16.86773,77.39088,IN,Asia/Kolkata,0,5.5,India
Behat,30.1718,77.6139,IN,Asia/Kolkata,0,5.5,India
Nimaparha,20.05756,86.00436,IN,Asia/Kolkata,0,5.5,India
Burhar,23.21494,81.53204,IN,Asia/Kolkata,0,5.5,India
Barka Kana,23.62118,85.46748,IN,Asia/Kolkata,0,5.5,India
Jalali,27.8668,78.25267,IN,Asia/Kolkata,0,5.5,India
Vettaikkaranpudur,10.56207,76.91305,IN,Asia/Kolkata,0,5.5,India
Anuppur,23.10344,81.69083,IN,Asia/Kolkata,0,5.5,India
Jhalida,23.36545,85.97643,IN,Asia/Kolkata,0,5.5,India
Fatehgarh Churian,31.86431,74.95665,IN,Asia/Kolkata,0,5.5,India
Tirumala,13.68333,79.35,IN,Asia/Kolkata,0,5.5,India
Bhogpur,31.55442,75.64271,IN,Asia/Kolkata,0,5.5,India
Bhattiprolu,16.1026,80.78074,IN,Asia/Kolkata,0,5.5,India
Barjala,23.6182,91.35596,IN,Asia/Kolkata,0,5.5,India
Kesinga,20.18778,83.21949,IN,Asia/Kolkata,0,5.5,India
Mahishadal,22.18616,87.98072,IN,Asia/Kolkata,0,5.5,India
Gubbi,13.31216,76.94102,IN,Asia/Kolkata,0,5.5,India
Sompeta,18.94419,84.58449,IN,Asia/Kolkata,0,5.5,India
Dumjor,22.61993,88.24566,IN,Asia/Kolkata,0,5.5,India
Narauli,28.48547,78.71484,IN,Asia/Kolkata,0,5.5,India
Arukutti,9.86667,76.35,IN,Asia/Kolkata,0,5.5,India
Murudeshwara,14.0943,74.4845,IN,Asia/Kolkata,0,5.5,India
Kerur,16.01384,75.54631,IN,Asia/Kolkata,0,5.5,India
Samdari,25.81299,72.57879,IN,Asia/Kolkata,0,5.5,India
Vadlapudi,14.31119,79.8043,IN,Asia/Kolkata,0,5.5,India
V.S.K.Valasai (Dindigul-Dist.),10.31549,78.15141,IN,Asia/Kolkata,0,5.5,India
Handia,25.36379,82.18655,IN,Asia/Kolkata,0,5.5,India
Sarwar,26.06272,75.01104,IN,Asia/Kolkata,0,5.5,India
Takhatpur,22.12915,81.86959,IN,Asia/Kolkata,0,5.5,India
Sarai Mir,26.02705,82.91843,IN,Asia/Kolkata,0,5.5,India
Chakia,26.41598,85.04665,IN,Asia/Kolkata,0,5.5,India
Katangi,23.44124,79.79621,IN,Asia/Kolkata,0,5.5,India
Singarayakonda,15.23046,80.02794,IN,Asia/Kolkata,0,5.5,India
Damnagar,21.69232,71.51747,IN,Asia/Kolkata,0,5.5,India
Doda,33.14916,75.54746,IN,Asia/Kolkata,0,5.5,India
Harpalpur,25.28773,79.33279,IN,Asia/Kolkata,0,5.5,India
Kalanaur,28.82823,76.3955,IN,Asia/Kolkata,0,5.5,India
Moram,17.78812,76.47077,IN,Asia/Kolkata,0,5.5,India
Bhitarwar,25.79216,78.11085,IN,Asia/Kolkata,0,5.5,India
Pennadam,11.40389,79.24156,IN,Asia/Kolkata,0,5.5,India
Gangapur,25.21954,74.26028,IN,Asia/Kolkata,0,5.5,India
Kundgol,15.25612,75.24735,IN,Asia/Kolkata,0,5.5,India
Bargi,22.99138,79.8755,IN,Asia/Kolkata,0,5.5,India
Jarwal,27.1629,81.54179,IN,Asia/Kolkata,0,5.5,India
Una,31.46493,76.26914,IN,Asia/Kolkata,0,5.5,India
Nichlaul,27.31247,83.7253,IN,Asia/Kolkata,0,5.5,India
Raipur,26.04259,74.02373,IN,Asia/Kolkata,0,5.5,India
Kodoli,16.87639,74.1909,IN,Asia/Kolkata,0,5.5,India
Pundri,29.76096,76.56034,IN,Asia/Kolkata,0,5.5,India
Bhadaur,30.47651,75.33049,IN,Asia/Kolkata,0,5.5,India
Tajpur,29.16242,78.48458,IN,Asia/Kolkata,0,5.5,India
North Guwahati,26.19749,91.7202,IN,Asia/Kolkata,0,5.5,India
Arang,21.19639,81.96912,IN,Asia/Kolkata,0,5.5,India
Devgarh,25.52533,73.90812,IN,Asia/Kolkata,0,5.5,India
Banapur,19.77889,85.17033,IN,Asia/Kolkata,0,5.5,India
Murbad,19.25395,73.38993,IN,Asia/Kolkata,0,5.5,India
Perundurai,11.27564,77.58794,IN,Asia/Kolkata,0,5.5,India
Mundwa,27.0631,73.82304,IN,Asia/Kolkata,0,5.5,India
Calangute,15.5439,73.7553,IN,Asia/Kolkata,0,5.5,India
Sarai Akil,25.3789,81.51035,IN,Asia/Kolkata,0,5.5,India
Amet,25.30609,73.9258,IN,Asia/Kolkata,0,5.5,India
Naregal,15.57316,75.80805,IN,Asia/Kolkata,0,5.5,India
Raybag,16.49178,74.77391,IN,Asia/Kolkata,0,5.5,India
Bagdogra,26.69929,88.31177,IN,Asia/Kolkata,0,5.5,India
Indergarh,26.93521,79.6712,IN,Asia/Kolkata,0,5.5,India
Nilokheri,29.83671,76.93191,IN,Asia/Kolkata,0,5.5,India
Alangayam,12.62235,78.75207,IN,Asia/Kolkata,0,5.5,India
Howli,26.42237,90.98004,IN,Asia/Kolkata,0,5.5,India
Banur,30.55407,76.71948,IN,Asia/Kolkata,0,5.5,India
Phirangipuram,16.29078,80.26233,IN,Asia/Kolkata,0,5.5,India
Chhoti Sadri,24.38145,74.7012,IN,Asia/Kolkata,0,5.5,India
Jalalpore,20.94896,72.89829,IN,Asia/Kolkata,0,5.5,India
Chhala,23.30779,72.77404,IN,Asia/Kolkata,0,5.5,India
Takhatgarh,25.32235,73.00487,IN,Asia/Kolkata,0,5.5,India
Sardulgarh,29.69224,75.23608,IN,Asia/Kolkata,0,5.5,India
Bhanpuri,21.0919,80.93218,IN,Asia/Kolkata,0,5.5,India
Naldurg,17.81667,76.28182,IN,Asia/Kolkata,0,5.5,India
Rahimatpur,17.5921,74.19966,IN,Asia/Kolkata,0,5.5,India
Mulki,13.09101,74.79353,IN,Asia/Kolkata,0,5.5,India
Sriperumbudur,12.96763,79.94197,IN,Asia/Kolkata,0,5.5,India
Balugaon,20.17838,85.11327,IN,Asia/Kolkata,0,5.5,India
Bilthra,26.12705,83.89148,IN,Asia/Kolkata,0,5.5,India
Khanapur,15.63969,74.50847,IN,Asia/Kolkata,0,5.5,India
Khetri,28.00069,75.78644,IN,Asia/Kolkata,0,5.5,India
Kolaras,25.21928,77.61167,IN,Asia/Kolkata,0,5.5,India
Mendarda,21.32112,70.44078,IN,Asia/Kolkata,0,5.5,India
Taleigao,15.46915,73.83285,IN,Asia/Kolkata,0,5.5,India
Uttarkashi,30.72986,78.44342,IN,Asia/Kolkata,0,5.5,India
Rajgarh,22.67821,74.94483,IN,Asia/Kolkata,0,5.5,India
Moirang,24.4975,93.77791,IN,Asia/Kolkata,0,5.5,India
Nirmali,26.31397,86.58537,IN,Asia/Kolkata,0,5.5,India
Amroli,21.25084,72.83878,IN,Asia/Kolkata,0,5.5,India
Bhanpura,24.513,75.7469,IN,Asia/Kolkata,0,5.5,India
Chalala,21.41073,71.16621,IN,Asia/Kolkata,0,5.5,India
Madambakkam,12.8525,80.04667,IN,Asia/Kolkata,0,5.5,India
Mahiari,22.58826,88.23544,IN,Asia/Kolkata,0,5.5,India
Naraina,26.79069,75.20608,IN,Asia/Kolkata,0,5.5,India
Adampur,31.43224,75.71484,IN,Asia/Kolkata,0,5.5,India
Aurad,18.25397,77.41761,IN,Asia/Kolkata,0,5.5,India
Nawabganj,26.86396,82.14103,IN,Asia/Kolkata,0,5.5,India
Maghar,26.75586,83.12773,IN,Asia/Kolkata,0,5.5,India
Jatara,25.00964,79.04869,IN,Asia/Kolkata,0,5.5,India
Mundgod,14.97144,75.03658,IN,Asia/Kolkata,0,5.5,India
Vasind,19.40844,73.26285,IN,Asia/Kolkata,0,5.5,India
Narwar,25.6439,77.9129,IN,Asia/Kolkata,0,5.5,India
Bhindar,24.50235,74.18551,IN,Asia/Kolkata,0,5.5,India
Manjhanpur,25.53046,81.37566,IN,Asia/Kolkata,0,5.5,India
Depalpur,22.85095,75.54224,IN,Asia/Kolkata,0,5.5,India
Alnavar,15.42727,74.74111,IN,Asia/Kolkata,0,5.5,India
Tanakpur,29.074,80.11139,IN,Asia/Kolkata,0,5.5,India
Jawad,24.59916,74.86261,IN,Asia/Kolkata,0,5.5,India
Kutiyana,21.6241,69.98494,IN,Asia/Kolkata,0,5.5,India
Amarpatan,24.31371,80.97703,IN,Asia/Kolkata,0,5.5,India
Junagarh,19.85993,82.93385,IN,Asia/Kolkata,0,5.5,India
Challapalle,16.11756,80.93139,IN,Asia/Kolkata,0,5.5,India
Papanasam,10.92687,79.27056,IN,Asia/Kolkata,0,5.5,India
Konarka,19.89021,86.09761,IN,Asia/Kolkata,0,5.5,India
Mahudha,22.82082,72.94032,IN,Asia/Kolkata,0,5.5,India
Sivagiri,11.12026,77.78811,IN,Asia/Kolkata,0,5.5,India
Nagamangala,12.81939,76.75456,IN,Asia/Kolkata,0,5.5,India
Honnali,14.23976,75.64507,IN,Asia/Kolkata,0,5.5,India
Amta,22.58344,88.01039,IN,Asia/Kolkata,0,5.5,India
Kadod,21.21717,73.21972,IN,Asia/Kolkata,0,5.5,India
Harsud,22.09947,76.73423,IN,Asia/Kolkata,0,5.5,India
Belonia,23.25178,91.45407,IN,Asia/Kolkata,0,5.5,India
Beri Khas,28.70146,76.57708,IN,Asia/Kolkata,0,5.5,India
Koath,25.32643,84.25983,IN,Asia/Kolkata,0,5.5,India
Deshnoke,27.79836,73.34297,IN,Asia/Kolkata,0,5.5,India
Kanke,23.43478,85.32059,IN,Asia/Kolkata,0,5.5,India
Hirekerur,14.45506,75.3952,IN,Asia/Kolkata,0,5.5,India
Deoli,20.6492,78.48023,IN,Asia/Kolkata,0,5.5,India
Phaphund,26.59888,79.46437,IN,Asia/Kolkata,0,5.5,India
Babrala,28.26419,78.4056,IN,Asia/Kolkata,0,5.5,India
Athagarh,20.51999,85.62965,IN,Asia/Kolkata,0,5.5,India
Malihabad,26.92223,80.71078,IN,Asia/Kolkata,0,5.5,India
Jhusi,25.43745,81.9055,IN,Asia/Kolkata,0,5.5,India
Gummidipundi,13.40765,80.10879,IN,Asia/Kolkata,0,5.5,India
Shirhatti,15.23352,75.57996,IN,Asia/Kolkata,0,5.5,India
Teonthar,24.98207,81.64194,IN,Asia/Kolkata,0,5.5,India
Bokajan,26.02131,93.77945,IN,Asia/Kolkata,0,5.5,India
Noamundi,22.16094,85.50416,IN,Asia/Kolkata,0,5.5,India
Salumbar,24.13524,74.04442,IN,Asia/Kolkata,0,5.5,India
Banki,20.37912,85.52953,IN,Asia/Kolkata,0,5.5,India
Palera,25.02013,79.22818,IN,Asia/Kolkata,0,5.5,India
Garui,22.63333,88.4,IN,Asia/Kolkata,0,5.5,India
Khatra,22.97617,86.85462,IN,Asia/Kolkata,0,5.5,India
Garhshankar,31.21537,76.14149,IN,Asia/Kolkata,0,5.5,India
Tondi,9.74173,79.01774,IN,Asia/Kolkata,0,5.5,India
Nainwa,25.77145,75.84978,IN,Asia/Kolkata,0,5.5,India
Khilchipur,24.03943,76.578,IN,Asia/Kolkata,0,5.5,India
Bharwari,25.56078,81.49164,IN,Asia/Kolkata,0,5.5,India
Katpadi,12.96951,79.14552,IN,Asia/Kolkata,0,5.5,India
Bhainsdehi,21.64491,77.63023,IN,Asia/Kolkata,0,5.5,India
Madipakkam,12.96226,80.19864,IN,Asia/Kolkata,0,5.5,India
Kumbhraj,24.37338,77.04841,IN,Asia/Kolkata,0,5.5,India
Talwandi Bhai,30.85584,74.92979,IN,Asia/Kolkata,0,5.5,India
Gokavaram,17.25823,81.84985,IN,Asia/Kolkata,0,5.5,India
Padampur,20.99932,83.06325,IN,Asia/Kolkata,0,5.5,India
Khada,27.18333,83.88333,IN,Asia/Kolkata,0,5.5,India
Sultanpur,31.21468,75.19602,IN,Asia/Kolkata,0,5.5,India
Jasidih,24.51379,86.64576,IN,Asia/Kolkata,0,5.5,India
Sancoale,15.37794,73.90352,IN,Asia/Kolkata,0,5.5,India
Narnaund,29.22047,76.14278,IN,Asia/Kolkata,0,5.5,India
Gandarbal,34.22619,74.77478,IN,Asia/Kolkata,0,5.5,India
Chennimalai,11.16378,77.60388,IN,Asia/Kolkata,0,5.5,India
Bahula,23.65176,87.16475,IN,Asia/Kolkata,0,5.5,India
Bilgi,16.34714,75.61804,IN,Asia/Kolkata,0,5.5,India
Kulgam,33.64456,75.01923,IN,Asia/Kolkata,0,5.5,India
Gandevi,20.81214,72.99811,IN,Asia/Kolkata,0,5.5,India
Badvel,14.7451,79.06288,IN,Asia/Kolkata,0,5.5,India
Makum,27.48652,95.43646,IN,Asia/Kolkata,0,5.5,India
Kamalganj,27.26181,79.63134,IN,Asia/Kolkata,0,5.5,India
Mahgawan,26.49471,78.61593,IN,Asia/Kolkata,0,5.5,India
Babai,22.70256,77.93494,IN,Asia/Kolkata,0,5.5,India
Pushkar,26.49022,74.55211,IN,Asia/Kolkata,0,5.5,India
Baihar,22.10133,80.54967,IN,Asia/Kolkata,0,5.5,India
Bandikui,27.05087,76.57325,IN,Asia/Kolkata,0,5.5,India
Anamalais,10.58303,76.93441,IN,Asia/Kolkata,0,5.5,India
Nambiyur,11.35811,77.32115,IN,Asia/Kolkata,0,5.5,India
Cuncolim,15.1773,73.99392,IN,Asia/Kolkata,0,5.5,India
Piriyapatna,12.33497,76.10073,IN,Asia/Kolkata,0,5.5,India
Shahi,28.55023,79.31761,IN,Asia/Kolkata,0,5.5,India
Neral,19.02475,73.31688,IN,Asia/Kolkata,0,5.5,India
Guru Har Sahai,30.70862,74.40407,IN,Asia/Kolkata,0,5.5,India
Nayagarh,20.12882,85.09626,IN,Asia/Kolkata,0,5.5,India
Hajo,26.2452,91.52525,IN,Asia/Kolkata,0,5.5,India
Virajpet,12.19644,75.80512,IN,Asia/Kolkata,0,5.5,India
Bhikhi,30.05918,75.535,IN,Asia/Kolkata,0,5.5,India
Indri,29.87999,77.05972,IN,Asia/Kolkata,0,5.5,India
Thakurganj,26.42742,88.13112,IN,Asia/Kolkata,0,5.5,India
Udalguri,26.75367,92.10215,IN,Asia/Kolkata,0,5.5,India
Vasa,22.66079,72.75519,IN,Asia/Kolkata,0,5.5,India
Rura,26.49001,79.90108,IN,Asia/Kolkata,0,5.5,India
Vadamadurai,10.44081,78.09784,IN,Asia/Kolkata,0,5.5,India
Kannod,22.66764,76.74286,IN,Asia/Kolkata,0,5.5,India
Ajra,16.11601,74.21097,IN,Asia/Kolkata,0,5.5,India
Pipraich,26.82745,83.52632,IN,Asia/Kolkata,0,5.5,India
Shahpur,25.60293,84.40412,IN,Asia/Kolkata,0,5.5,India
Sunel,24.37065,75.95708,IN,Asia/Kolkata,0,5.5,India
Unhel,23.33794,75.55931,IN,Asia/Kolkata,0,5.5,India
Sisauli,29.41386,77.4689,IN,Asia/Kolkata,0,5.5,India
Mihona,26.28373,78.98048,IN,Asia/Kolkata,0,5.5,India
Bara Uchana,29.46747,76.17798,IN,Asia/Kolkata,0,5.5,India
Kamakhyanagar,20.93385,85.54489,IN,Asia/Kolkata,0,5.5,India
Abhayapuri,26.32255,90.68526,IN,Asia/Kolkata,0,5.5,India
Arkalgud,12.76171,76.06035,IN,Asia/Kolkata,0,5.5,India
Jodiya Bandar,22.71667,70.28333,IN,Asia/Kolkata,0,5.5,India
Jagalur,14.51957,76.33915,IN,Asia/Kolkata,0,5.5,India
Dumra,26.56708,85.5204,IN,Asia/Kolkata,0,5.5,India
Pennagaram,12.13433,77.89525,IN,Asia/Kolkata,0,5.5,India
Bhudgaon,16.90742,74.59954,IN,Asia/Kolkata,0,5.5,India
Kankauli,16.26609,73.71217,IN,Asia/Kolkata,0,5.5,India
Khairagarh,21.41859,80.97942,IN,Asia/Kolkata,0,5.5,India
Khatima,28.92134,79.97075,IN,Asia/Kolkata,0,5.5,India
Boisar,19.80362,72.75598,IN,Asia/Kolkata,0,5.5,India
Neelankarai,12.9495,80.2592,IN,Asia/Kolkata,0,5.5,India
Bagar,28.18784,75.50012,IN,Asia/Kolkata,0,5.5,India
Srivaikuntam,8.62931,77.91281,IN,Asia/Kolkata,0,5.5,India
Manthani,18.65087,79.66501,IN,Asia/Kolkata,0,5.5,India
Madukkur,10.48098,79.39939,IN,Asia/Kolkata,0,5.5,India
Khutar,28.20307,80.27046,IN,Asia/Kolkata,0,5.5,India
Bari Sadri,24.41339,74.47331,IN,Asia/Kolkata,0,5.5,India
Baberu,25.54711,80.70443,IN,Asia/Kolkata,0,5.5,India
Lakhnadon,22.60049,79.60094,IN,Asia/Kolkata,0,5.5,India
Kota,22.29507,82.02366,IN,Asia/Kolkata,0,5.5,India
Chanasma,23.71472,72.11279,IN,Asia/Kolkata,0,5.5,India
Nahorkatiya,27.28912,95.3418,IN,Asia/Kolkata,0,5.5,India
Bilsanda,28.24341,79.95135,IN,Asia/Kolkata,0,5.5,India
Leteri,24.05979,77.40858,IN,Asia/Kolkata,0,5.5,India
Holalkere,14.04295,76.18496,IN,Asia/Kolkata,0,5.5,India
Kotaparh,19.14256,82.32536,IN,Asia/Kolkata,0,5.5,India
Vada,19.65347,73.14811,IN,Asia/Kolkata,0,5.5,India
Udaipura,23.07434,78.51108,IN,Asia/Kolkata,0,5.5,India
Nilgiri,21.46235,86.76794,IN,Asia/Kolkata,0,5.5,India
Kosigi,15.8551,77.24463,IN,Asia/Kolkata,0,5.5,India
Kalghatgi,15.18315,74.97099,IN,Asia/Kolkata,0,5.5,India
Kalugumalai,9.14941,77.70569,IN,Asia/Kolkata,0,5.5,India
Tirthahalli,13.68835,75.24548,IN,Asia/Kolkata,0,5.5,India
Parvatsar,26.88604,74.76602,IN,Asia/Kolkata,0,5.5,India
Pathalgaon,22.55656,83.46355,IN,Asia/Kolkata,0,5.5,India
Asind,25.7342,74.33278,IN,Asia/Kolkata,0,5.5,India
Kachhwa,25.20615,82.71442,IN,Asia/Kolkata,0,5.5,India
Sayla,22.54925,71.48324,IN,Asia/Kolkata,0,5.5,India
Naspur,18.84577,79.46165,IN,Asia/Kolkata,0,5.5,India
Bah,26.86912,78.59385,IN,Asia/Kolkata,0,5.5,India
Dornakal,17.44475,80.14905,IN,Asia/Kolkata,0,5.5,India
Mirganj,28.54012,79.20817,IN,Asia/Kolkata,0,5.5,India
Punahana,27.86371,77.20432,IN,Asia/Kolkata,0,5.5,India
Katangi,21.77369,79.80513,IN,Asia/Kolkata,0,5.5,India
Bhikangaon,21.86764,75.96391,IN,Asia/Kolkata,0,5.5,India
Dicholi,15.59319,73.94571,IN,Asia/Kolkata,0,5.5,India
Kathor,21.28854,72.9407,IN,Asia/Kolkata,0,5.5,India
Pipili,20.11357,85.83147,IN,Asia/Kolkata,0,5.5,India
Dalkola,25.87577,87.84009,IN,Asia/Kolkata,0,5.5,India
Srivardhan,18.04592,73.01552,IN,Asia/Kolkata,0,5.5,India
Anandpur,31.23926,76.50253,IN,Asia/Kolkata,0,5.5,India
Mundra,22.83918,69.7219,IN,Asia/Kolkata,0,5.5,India
Khuldabad,20.00671,75.19245,IN,Asia/Kolkata,0,5.5,India
Gangolli,13.65024,74.67072,IN,Asia/Kolkata,0,5.5,India
Chotila,22.42347,71.19641,IN,Asia/Kolkata,0,5.5,India
Khapa,21.42243,78.98168,IN,Asia/Kolkata,0,5.5,India
Hindoria,23.90345,79.56861,IN,Asia/Kolkata,0,5.5,India
Korwai,24.11774,78.04007,IN,Asia/Kolkata,0,5.5,India
Kenda,23.1959,86.51499,IN,Asia/Kolkata,0,5.5,India
Phek,25.66667,94.5,IN,Asia/Kolkata,0,5.5,India
Sorada,19.76082,84.42997,IN,Asia/Kolkata,0,5.5,India
Binka,21.02626,83.81197,IN,Asia/Kolkata,0,5.5,India
Naraini,25.19033,80.475,IN,Asia/Kolkata,0,5.5,India
Lalpur,22.19073,69.96351,IN,Asia/Kolkata,0,5.5,India
Mandapam,9.27571,79.12362,IN,Asia/Kolkata,0,5.5,India
Pupri,26.47079,85.70311,IN,Asia/Kolkata,0,5.5,India
Usehat,27.79796,79.23763,IN,Asia/Kolkata,0,5.5,India
Punjai Puliyampatti,11.35163,77.16671,IN,Asia/Kolkata,0,5.5,India
Pachperwa,27.51234,82.64297,IN,Asia/Kolkata,0,5.5,India
Bantva,21.48815,70.07576,IN,Asia/Kolkata,0,5.5,India
Khetia,21.67124,74.58535,IN,Asia/Kolkata,0,5.5,India
Khamaria,23.22558,79.88007,IN,Asia/Kolkata,0,5.5,India
Un,29.58479,77.2554,IN,Asia/Kolkata,0,5.5,India
Misrikh,27.43137,80.53157,IN,Asia/Kolkata,0,5.5,India
Chakia,25.04891,83.22155,IN,Asia/Kolkata,0,5.5,India
Vagator,15.59766,73.74496,IN,Asia/Kolkata,0,5.5,India
Pattan,34.16125,74.55634,IN,Asia/Kolkata,0,5.5,India
Kushalnagar,12.45795,75.95904,IN,Asia/Kolkata,0,5.5,India
Chakulia,22.48301,86.71793,IN,Asia/Kolkata,0,5.5,India
Mohiuddinnagar,25.57374,85.66944,IN,Asia/Kolkata,0,5.5,India
Vallam,10.71988,79.05981,IN,Asia/Kolkata,0,5.5,India
Tezu,27.91256,96.12882,IN,Asia/Kolkata,0,5.5,India
Kunnumma,9.35672,76.41343,IN,Asia/Kolkata,0,5.5,India
Mauranwan,26.42876,80.88008,IN,Asia/Kolkata,0,5.5,India
Mehnagar,25.87889,83.11611,IN,Asia/Kolkata,0,5.5,India
Nawanshahr,32.76505,74.52772,IN,Asia/Kolkata,0,5.5,India
Kalas,18.17241,74.79045,IN,Asia/Kolkata,0,5.5,India
Utran,21.23333,72.86667,IN,Asia/Kolkata,0,5.5,India
Khanpur,24.73241,76.39601,IN,Asia/Kolkata,0,5.5,India
Fatehgarh,27.36409,79.63111,IN,Asia/Kolkata,0,5.5,India
Shahgarh,24.31365,79.11806,IN,Asia/Kolkata,0,5.5,India
Khed,17.71888,73.39693,IN,Asia/Kolkata,0,5.5,India
Sidhpura,27.63312,78.86918,IN,Asia/Kolkata,0,5.5,India
Vilattikulam,9.13227,78.16635,IN,Asia/Kolkata,0,5.5,India
Jetalsar,21.70891,70.57695,IN,Asia/Kolkata,0,5.5,India
Kondalwadi,18.80727,77.77031,IN,Asia/Kolkata,0,5.5,India
Siddapur,14.34322,74.894,IN,Asia/Kolkata,0,5.5,India
Meethari Marwar,27.57615,74.68661,IN,Asia/Kolkata,0,5.5,India
Madugula,17.91589,82.81578,IN,Asia/Kolkata,0,5.5,India
Manchar,19.00436,73.94346,IN,Asia/Kolkata,0,5.5,India
Sakharkherda,20.20563,76.39756,IN,Asia/Kolkata,0,5.5,India
Biloli,18.77385,77.72463,IN,Asia/Kolkata,0,5.5,India
Kupwara,34.03056,74.26417,IN,Asia/Kolkata,0,5.5,India
Mohan,26.78008,80.67497,IN,Asia/Kolkata,0,5.5,India
Purushottampur,19.52024,84.88514,IN,Asia/Kolkata,0,5.5,India
Ayyampettai,10.90141,79.17984,IN,Asia/Kolkata,0,5.5,India
Khanpur,28.53446,78.06546,IN,Asia/Kolkata,0,5.5,India
Kamalapuram,14.5983,78.66948,IN,Asia/Kolkata,0,5.5,India
Ajaigarh,24.89879,80.25921,IN,Asia/Kolkata,0,5.5,India
Kota,24.44643,83.13063,IN,Asia/Kolkata,0,5.5,India
Sarangarh,21.58614,83.0785,IN,Asia/Kolkata,0,5.5,India
Vaghodia,22.30505,73.40016,IN,Asia/Kolkata,0,5.5,India
Susner,23.94667,76.08825,IN,Asia/Kolkata,0,5.5,India
Bariarpur,25.28791,86.57643,IN,Asia/Kolkata,0,5.5,India
Gaurela,22.75449,81.90107,IN,Asia/Kolkata,0,5.5,India
Gautampura,22.98664,75.51921,IN,Asia/Kolkata,0,5.5,India
Ankola,14.66049,74.3047,IN,Asia/Kolkata,0,5.5,India
Lakhtar,22.85683,71.78844,IN,Asia/Kolkata,0,5.5,India
Jalakandapuram,11.69779,77.87298,IN,Asia/Kolkata,0,5.5,India
Ammapettai,10.79476,79.31986,IN,Asia/Kolkata,0,5.5,India
Shadipur Julana,29.12368,76.40516,IN,Asia/Kolkata,0,5.5,India
Saidpur,28.61089,77.90896,IN,Asia/Kolkata,0,5.5,India
Bodri,23.16524,81.43262,IN,Asia/Kolkata,0,5.5,India
Valavanur,11.92094,79.58239,IN,Asia/Kolkata,0,5.5,India
Elumalai,9.86501,77.69923,IN,Asia/Kolkata,0,5.5,India
Thiruvaiyaru,10.88405,79.10362,IN,Asia/Kolkata,0,5.5,India
Koratagere,13.522,77.2373,IN,Asia/Kolkata,0,5.5,India
Kudal,16.01148,73.68867,IN,Asia/Kolkata,0,5.5,India
Bilkha,21.4415,70.60063,IN,Asia/Kolkata,0,5.5,India
Manikpur,25.06083,81.09961,IN,Asia/Kolkata,0,5.5,India
Karari,25.45241,81.42675,IN,Asia/Kolkata,0,5.5,India
Panchgani,17.92449,73.8008,IN,Asia/Kolkata,0,5.5,India
Kariapatti,9.67505,78.09992,IN,Asia/Kolkata,0,5.5,India
Nongpoh,25.9023,91.87694,IN,Asia/Kolkata,0,5.5,India
Ahiri,19.41386,80.00359,IN,Asia/Kolkata,0,5.5,India
Dewa,27.03621,81.16692,IN,Asia/Kolkata,0,5.5,India
Palavakkam,12.9535,80.2572,IN,Asia/Kolkata,0,5.5,India
Chinchani,19.87458,72.6851,IN,Asia/Kolkata,0,5.5,India
Ahwa,20.75718,73.68626,IN,Asia/Kolkata,0,5.5,India
Salon,26.02857,81.45403,IN,Asia/Kolkata,0,5.5,India
Ambahta,29.85706,77.33583,IN,Asia/Kolkata,0,5.5,India
Nazira,26.91649,94.73611,IN,Asia/Kolkata,0,5.5,India
Buguda,19.80806,84.79084,IN,Asia/Kolkata,0,5.5,India
Bansgaon,26.55032,83.34503,IN,Asia/Kolkata,0,5.5,India
Kankipadu,16.4353,80.76715,IN,Asia/Kolkata,0,5.5,India
Tal,23.71979,75.38514,IN,Asia/Kolkata,0,5.5,India
Mudukulattur,9.34169,78.51388,IN,Asia/Kolkata,0,5.5,India
Bakewar,26.66226,79.17625,IN,Asia/Kolkata,0,5.5,India
Ikauna,27.53097,81.96917,IN,Asia/Kolkata,0,5.5,India
Sanwer,22.97415,75.8271,IN,Asia/Kolkata,0,5.5,India
Mailani,28.29088,80.3438,IN,Asia/Kolkata,0,5.5,India
Kaveripatnam,12.42186,78.2188,IN,Asia/Kolkata,0,5.5,India
Razole,16.47608,81.83912,IN,Asia/Kolkata,0,5.5,India
Devadanappatti,10.14673,77.6439,IN,Asia/Kolkata,0,5.5,India
Thiruvidaimaruthur,10.99857,79.45227,IN,Asia/Kolkata,0,5.5,India
Kyelang,32.5717,77.02448,IN,Asia/Kolkata,0,5.5,India
Dharampuri,22.14951,75.34439,IN,Asia/Kolkata,0,5.5,India
Chirgaon,25.57198,78.81432,IN,Asia/Kolkata,0,5.5,India
Shankargarh,25.182,81.61769,IN,Asia/Kolkata,0,5.5,India
Nirsa,23.78438,86.70692,IN,Asia/Kolkata,0,5.5,India
Patan,23.28636,79.68962,IN,Asia/Kolkata,0,5.5,India
Turuvekere,13.16374,76.66641,IN,Asia/Kolkata,0,5.5,India
Chorhat,24.42743,81.66948,IN,Asia/Kolkata,0,5.5,India
Haldibari,26.33887,88.7822,IN,Asia/Kolkata,0,5.5,India
Olpad,21.33649,72.75161,IN,Asia/Kolkata,0,5.5,India
Sathankulam,8.44164,77.91349,IN,Asia/Kolkata,0,5.5,India
Kuchinda,21.74356,84.34848,IN,Asia/Kolkata,0,5.5,India
Moth,25.72595,78.95029,IN,Asia/Kolkata,0,5.5,India
Shergarh,28.65128,79.36815,IN,Asia/Kolkata,0,5.5,India
Jejuri,18.27658,74.16008,IN,Asia/Kolkata,0,5.5,India
Alampur,15.87987,78.13352,IN,Asia/Kolkata,0,5.5,India
Lakhipur,26.03001,90.30611,IN,Asia/Kolkata,0,5.5,India
Simaria,24.79497,81.152,IN,Asia/Kolkata,0,5.5,India
Bilaspur,31.33027,76.75663,IN,Asia/Kolkata,0,5.5,India
Kirakat,25.63745,82.91596,IN,Asia/Kolkata,0,5.5,India
Ghiror,27.18912,78.79312,IN,Asia/Kolkata,0,5.5,India
Kharhial,20.28845,82.7606,IN,Asia/Kolkata,0,5.5,India
Rajapur,25.38725,81.15125,IN,Asia/Kolkata,0,5.5,India
Rabupura,28.25153,77.60253,IN,Asia/Kolkata,0,5.5,India
Ramkola,26.90172,83.83758,IN,Asia/Kolkata,0,5.5,India
Goshaingaon,26.43946,89.96307,IN,Asia/Kolkata,0,5.5,India
Soalkuchi,26.16806,91.57111,IN,Asia/Kolkata,0,5.5,India
Kotwa,25.0308,81.31908,IN,Asia/Kolkata,0,5.5,India
Majitha,31.75711,74.95891,IN,Asia/Kolkata,0,5.5,India
Nizamabad,26.05295,83.05787,IN,Asia/Kolkata,0,5.5,India
Ziro,27.59497,93.83854,IN,Asia/Kolkata,0,5.5,India
Pandaria,22.22495,81.40994,IN,Asia/Kolkata,0,5.5,India
Joshimath,30.55543,79.56436,IN,Asia/Kolkata,0,5.5,India
Amloh,30.60837,76.23199,IN,Asia/Kolkata,0,5.5,India
Dirba,30.07222,75.99607,IN,Asia/Kolkata,0,5.5,India
Kargil,34.55765,76.12622,IN,Asia/Kolkata,0,5.5,India
Allahganj,27.5454,79.68715,IN,Asia/Kolkata,0,5.5,India
Betma,22.68653,75.61456,IN,Asia/Kolkata,0,5.5,India
Vettavalam,12.10769,79.24516,IN,Asia/Kolkata,0,5.5,India
Kharela,25.54277,79.81235,IN,Asia/Kolkata,0,5.5,India
Talbahat,25.04357,78.43441,IN,Asia/Kolkata,0,5.5,India
Kadaura,25.98537,79.83842,IN,Asia/Kolkata,0,5.5,India
Solap,22.12778,88.15861,IN,Asia/Kolkata,0,5.5,India
Iglas,27.711,77.93967,IN,Asia/Kolkata,0,5.5,India
Heggadadevankote,12.08809,76.32957,IN,Asia/Kolkata,0,5.5,India
Vandalur,12.8924,80.08079,IN,Asia/Kolkata,0,5.5,India
Amethi,26.15696,81.80519,IN,Asia/Kolkata,0,5.5,India
Tekanpur,25.99401,78.28322,IN,Asia/Kolkata,0,5.5,India
Pratapgarh,25.89509,81.9424,IN,Asia/Kolkata,0,5.5,India
Kalanaur,32.01227,75.15063,IN,Asia/Kolkata,0,5.5,India
Lasalgaon,20.1427,74.23946,IN,Asia/Kolkata,0,5.5,India
Curti,15.41667,74.01667,IN,Asia/Kolkata,0,5.5,India
Thandla,23.00959,74.57747,IN,Asia/Kolkata,0,5.5,India
Ichhawar,23.02816,77.01729,IN,Asia/Kolkata,0,5.5,India
Tikri,29.2291,77.35479,IN,Asia/Kolkata,0,5.5,India
Sindi,20.80509,78.88752,IN,Asia/Kolkata,0,5.5,India
Attayyampatti,11.53272,78.05363,IN,Asia/Kolkata,0,5.5,India
Jahanabad,28.63025,79.71818,IN,Asia/Kolkata,0,5.5,India
Sirathu,25.64292,81.31855,IN,Asia/Kolkata,0,5.5,India
Mahabaleshwar,17.56,73.4,IN,Asia/Kolkata,0,5.5,India
Chopan,24.51954,83.02287,IN,Asia/Kolkata,0,5.5,India
Gopamau,27.53468,80.28507,IN,Asia/Kolkata,0,5.5,India
Shahkot,31.08173,75.33708,IN,Asia/Kolkata,0,5.5,India
Rani,25.35031,73.30885,IN,Asia/Kolkata,0,5.5,India
Shupiyan,33.71723,74.83413,IN,Asia/Kolkata,0,5.5,India
Nagarukhra City,22.93938,88.63776,IN,Asia/Kolkata,0,5.5,India
Lohogaon,18.59921,73.92701,IN,Asia/Kolkata,0,5.5,India
Patiali,27.69086,78.99823,IN,Asia/Kolkata,0,5.5,India
Khargapur,24.823,79.144,IN,Asia/Kolkata,0,5.5,India
Sasni,27.70287,78.08278,IN,Asia/Kolkata,0,5.5,India
Ramnagar,27.08499,81.40575,IN,Asia/Kolkata,0,5.5,India
Sitamau,24.01473,75.35324,IN,Asia/Kolkata,0,5.5,India
Bhadarwah,32.97941,75.71723,IN,Asia/Kolkata,0,5.5,India
Rajnagar,24.88929,79.91178,IN,Asia/Kolkata,0,5.5,India
Garhi Pukhta,29.5498,77.30881,IN,Asia/Kolkata,0,5.5,India
Dergaon,26.7,93.96667,IN,Asia/Kolkata,0,5.5,India
Mandal,23.28865,71.91854,IN,Asia/Kolkata,0,5.5,India
Malkapur,16.91999,73.9347,IN,Asia/Kolkata,0,5.5,India
Kamuthi,9.40732,78.37337,IN,Asia/Kolkata,0,5.5,India
Khaga,25.77215,81.10393,IN,Asia/Kolkata,0,5.5,India
Khailar,25.34127,78.53133,IN,Asia/Kolkata,0,5.5,India
Bawal,28.07184,76.58312,IN,Asia/Kolkata,0,5.5,India
Shi Yomi,28.52999,94.37322,IN,Asia/Kolkata,0,5.5,India
Kalagarh Project Colony,29.4778,78.78449,IN,Asia/Kolkata,0,5.5,India
Petlawad,23.01102,74.79772,IN,Asia/Kolkata,0,5.5,India
Amarwara,22.2978,79.16943,IN,Asia/Kolkata,0,5.5,India
Tral,33.92708,75.11585,IN,Asia/Kolkata,0,5.5,India
Bilariaganj,26.19593,83.2269,IN,Asia/Kolkata,0,5.5,India
Tirumullaivasal,11.23996,79.83705,IN,Asia/Kolkata,0,5.5,India
Kombai,9.84745,77.29603,IN,Asia/Kolkata,0,5.5,India
Kharkhauda,28.83644,77.74159,IN,Asia/Kolkata,0,5.5,India
Manoharpur,22.37456,85.19234,IN,Asia/Kolkata,0,5.5,India
Kodala,19.62425,84.94075,IN,Asia/Kolkata,0,5.5,India
Bikapur,26.59534,82.13272,IN,Asia/Kolkata,0,5.5,India
Goshainganj,26.57115,82.38091,IN,Asia/Kolkata,0,5.5,India
Amanganj,24.42664,80.03579,IN,Asia/Kolkata,0,5.5,India
Nurmahal,31.09662,75.59386,IN,Asia/Kolkata,0,5.5,India
Lanja,16.86086,73.54993,IN,Asia/Kolkata,0,5.5,India
Gurdaha,22.73472,88.75944,IN,Asia/Kolkata,0,5.5,India
Gurh,24.50265,81.50037,IN,Asia/Kolkata,0,5.5,India
Chandia,23.65647,80.70911,IN,Asia/Kolkata,0,5.5,India
Kanor,24.43437,74.26546,IN,Asia/Kolkata,0,5.5,India
Ashti,19.37671,76.2252,IN,Asia/Kolkata,0,5.5,India
Pawai,24.26635,80.16196,IN,Asia/Kolkata,0,5.5,India
Shahpur,23.89371,79.05074,IN,Asia/Kolkata,0,5.5,India
Dhemaji,27.48333,94.58333,IN,Asia/Kolkata,0,5.5,India
Birbhaddar,30.0712,78.28189,IN,Asia/Kolkata,0,5.5,India
Vikasnagar,30.46944,77.77275,IN,Asia/Kolkata,0,5.5,India
Kodumudi,11.07751,77.88363,IN,Asia/Kolkata,0,5.5,India
Quepem,15.2128,74.0772,IN,Asia/Kolkata,0,5.5,India
Dankaur,28.35121,77.55508,IN,Asia/Kolkata,0,5.5,India
Bijni,26.49588,90.70298,IN,Asia/Kolkata,0,5.5,India
Khusropur,25.48174,85.38492,IN,Asia/Kolkata,0,5.5,India
Madanpur,23.00589,88.49168,IN,Asia/Kolkata,0,5.5,India
Bali Chak,22.36482,87.55304,IN,Asia/Kolkata,0,5.5,India
Raja Sansi,31.72021,74.8008,IN,Asia/Kolkata,0,5.5,India
Ettaiyapuram,9.14405,77.99066,IN,Asia/Kolkata,0,5.5,India
Simga,21.6281,81.70376,IN,Asia/Kolkata,0,5.5,India
Makhu,31.10335,74.99631,IN,Asia/Kolkata,0,5.5,India
Lakhipur,24.79281,93.0091,IN,Asia/Kolkata,0,5.5,India
Shahpur,22.15611,70.77068,IN,Asia/Kolkata,0,5.5,India
Lormi,22.27434,81.70181,IN,Asia/Kolkata,0,5.5,India
Mohanur,11.05936,78.13965,IN,Asia/Kolkata,0,5.5,India
Raghudebbati,22.52556,88.19583,IN,Asia/Kolkata,0,5.5,India
Basugaon,26.46742,90.41951,IN,Asia/Kolkata,0,5.5,India
Bandora,15.40823,73.98129,IN,Asia/Kolkata,0,5.5,India
Shahpura,23.13663,79.66402,IN,Asia/Kolkata,0,5.5,India
Bachhrawan,26.4709,81.1158,IN,Asia/Kolkata,0,5.5,India
Akhnur,32.86667,74.73333,IN,Asia/Kolkata,0,5.5,India
Dudhi,24.21357,83.24067,IN,Asia/Kolkata,0,5.5,India
Dudhani,17.35792,76.36688,IN,Asia/Kolkata,0,5.5,India
Kurara,25.98046,79.98984,IN,Asia/Kolkata,0,5.5,India
Shirwal,18.15059,73.97788,IN,Asia/Kolkata,0,5.5,India
Vansada,20.75817,73.36389,IN,Asia/Kolkata,0,5.5,India
Omalur,11.74099,78.04559,IN,Asia/Kolkata,0,5.5,India
Tendukheda,23.3962,79.53947,IN,Asia/Kolkata,0,5.5,India
Nuh,28.10296,77.00144,IN,Asia/Kolkata,0,5.5,India
Dostpur,26.27486,82.47091,IN,Asia/Kolkata,0,5.5,India
Murud,18.32817,72.9621,IN,Asia/Kolkata,0,5.5,India
Saraikela,22.69963,85.93126,IN,Asia/Kolkata,0,5.5,India
Sachin,21.08718,72.88153,IN,Asia/Kolkata,0,5.5,India
Perya,11.83334,75.85408,IN,Asia/Kolkata,0,5.5,India
Muri,23.37074,85.86236,IN,Asia/Kolkata,0,5.5,India
Khem Karan,31.14443,74.55938,IN,Asia/Kolkata,0,5.5,India
Pendra,22.77548,81.95968,IN,Asia/Kolkata,0,5.5,India
Khudaganj,28.14607,79.71472,IN,Asia/Kolkata,0,5.5,India
Sonegaon,20.62915,78.69207,IN,Asia/Kolkata,0,5.5,India
Sirsa,25.2634,82.0919,IN,Asia/Kolkata,0,5.5,India
Tattayyangarpettai,11.12417,78.44916,IN,Asia/Kolkata,0,5.5,India
Malkera,23.78213,86.28767,IN,Asia/Kolkata,0,5.5,India
Mairang,25.56165,91.63602,IN,Asia/Kolkata,0,5.5,India
Tosham,28.86993,75.9165,IN,Asia/Kolkata,0,5.5,India
Hansot,21.58496,72.80764,IN,Asia/Kolkata,0,5.5,India
Dongargaon,20.97172,80.85077,IN,Asia/Kolkata,0,5.5,India
Mangawan,24.66754,81.54644,IN,Asia/Kolkata,0,5.5,India
Vengurla,15.86125,73.63182,IN,Asia/Kolkata,0,5.5,India
Vedasandur,10.53102,77.95019,IN,Asia/Kolkata,0,5.5,India
Rahon,31.05275,76.11907,IN,Asia/Kolkata,0,5.5,India
Gandai,21.66667,81.10013,IN,Asia/Kolkata,0,5.5,India
Iluppur,10.51347,78.62357,IN,Asia/Kolkata,0,5.5,India
Navelim,15.53333,73.98333,IN,Asia/Kolkata,0,5.5,India
Thirukattupalli,10.84431,78.95647,IN,Asia/Kolkata,0,5.5,India
Kankon,15.02698,74.04617,IN,Asia/Kolkata,0,5.5,India
Sayalkudi,9.16925,78.44702,IN,Asia/Kolkata,0,5.5,India
Seven Pagodas,12.62091,80.19331,IN,Asia/Kolkata,0,5.5,India
Loharu,28.42993,75.80779,IN,Asia/Kolkata,0,5.5,India
Wadgaon,18.7392,73.63945,IN,Asia/Kolkata,0,5.5,India
Karambakkudi,10.45866,79.14101,IN,Asia/Kolkata,0,5.5,India
Srimushnam,11.40118,79.40384,IN,Asia/Kolkata,0,5.5,India
Vinchia,22.21027,71.37967,IN,Asia/Kolkata,0,5.5,India
Radaur,30.02706,77.15177,IN,Asia/Kolkata,0,5.5,India
Harduaganj,27.94361,78.15789,IN,Asia/Kolkata,0,5.5,India
Suchindram,8.15442,77.46704,IN,Asia/Kolkata,0,5.5,India
Odlabari,26.83644,88.62943,IN,Asia/Kolkata,0,5.5,India
Mursan,27.57788,77.94091,IN,Asia/Kolkata,0,5.5,India
Captainganj,26.9264,83.71334,IN,Asia/Kolkata,0,5.5,India
Barjora,23.42754,87.29037,IN,Asia/Kolkata,0,5.5,India
Sikandra,26.36722,79.6298,IN,Asia/Kolkata,0,5.5,India
Deori,21.45,82.61667,IN,Asia/Kolkata,0,5.5,India
Mulanur,10.79426,77.7115,IN,Asia/Kolkata,0,5.5,India
Amethi,28.01667,81.05,IN,Asia/Kolkata,0,5.5,India
Patan,17.37513,73.90143,IN,Asia/Kolkata,0,5.5,India
Barhi,23.90326,80.81516,IN,Asia/Kolkata,0,5.5,India
Satwas,22.53628,76.68452,IN,Asia/Kolkata,0,5.5,India
Kumaralingam,10.48936,77.3499,IN,Asia/Kolkata,0,5.5,India
Jawhar,19.91213,73.22679,IN,Asia/Kolkata,0,5.5,India
Sankheda,22.17021,73.5782,IN,Asia/Kolkata,0,5.5,India
Saurikh,27.03051,79.48813,IN,Asia/Kolkata,0,5.5,India
Hata,26.7412,83.74526,IN,Asia/Kolkata,0,5.5,India
Mandleshwar,22.17598,75.65995,IN,Asia/Kolkata,0,5.5,India
Kharar,22.72211,87.67824,IN,Asia/Kolkata,0,5.5,India
Baloda,22.1389,82.48171,IN,Asia/Kolkata,0,5.5,India
Yelbarga,15.61545,76.01184,IN,Asia/Kolkata,0,5.5,India
Kati,17.96137,75.88895,IN,Asia/Kolkata,0,5.5,India
Balimila,18.25167,82.10659,IN,Asia/Kolkata,0,5.5,India
Dayapar,23.63371,68.90192,IN,Asia/Kolkata,0,5.5,India
Colva,15.27976,73.92285,IN,Asia/Kolkata,0,5.5,India
Etikoppaka,17.5,82.73333,IN,Asia/Kolkata,0,5.5,India
Karumbakkam,12.70203,80.0911,IN,Asia/Kolkata,0,5.5,India
Cavelossim,15.17255,73.94194,IN,Asia/Kolkata,0,5.5,India
Kanodar,24.08932,72.39354,IN,Asia/Kolkata,0,5.5,India
Bolanikhodan,22.11312,85.33645,IN,Asia/Kolkata,0,5.5,India
Rajur,20.11087,78.89311,IN,Asia/Kolkata,0,5.5,India
Kaintragarh,20.72115,84.53514,IN,Asia/Kolkata,0,5.5,India
Delvada,20.77544,71.04646,IN,Asia/Kolkata,0,5.5,India
Uklana,29.51124,75.87823,IN,Asia/Kolkata,0,5.5,India
Amarpur,23.5257,91.65879,IN,Asia/Kolkata,0,5.5,India
Canacona,14.9959,74.05056,IN,Asia/Kolkata,0,5.5,India
Umrala,21.84353,71.80305,IN,Asia/Kolkata,0,5.5,India
Atraulia,26.3333,82.94727,IN,Asia/Kolkata,0,5.5,India
Mallapuram,11.98231,78.24796,IN,Asia/Kolkata,0,5.5,India
Sirmaur,24.83648,81.36448,IN,Asia/Kolkata,0,5.5,India
Ranir Bazar,23.83463,91.36614,IN,Asia/Kolkata,0,5.5,India
Pirawa,24.15506,76.02728,IN,Asia/Kolkata,0,5.5,India
Gobindapur,22.59306,88.09139,IN,Asia/Kolkata,0,5.5,India
Bihpuriagaon,27.01718,93.91673,IN,Asia/Kolkata,0,5.5,India
Ponnamaravati,10.28032,78.53601,IN,Asia/Kolkata,0,5.5,India
Sapatgram,26.33732,90.1236,IN,Asia/Kolkata,0,5.5,India
Sanquelim,15.56422,74.00799,IN,Asia/Kolkata,0,5.5,India
Khallikot,19.60908,85.08609,IN,Asia/Kolkata,0,5.5,India
Sumbal,34.23072,74.6472,IN,Asia/Kolkata,0,5.5,India
Hosakote,14.27603,77.16827,IN,Asia/Kolkata,0,5.5,India
Jainpur,26.15389,83.33505,IN,Asia/Kolkata,0,5.5,India
Naduvattam,11.48075,76.54365,IN,Asia/Kolkata,0,5.5,India
Panamaram,11.74014,76.07369,IN,Asia/Kolkata,0,5.5,India
Barela,23.09678,80.05084,IN,Asia/Kolkata,0,5.5,India
Bishnah,32.6106,74.85557,IN,Asia/Kolkata,0,5.5,India
Pandhana,21.69816,76.22487,IN,Asia/Kolkata,0,5.5,India
Papparappatti,12.22086,78.0592,IN,Asia/Kolkata,0,5.5,India
Titron,29.66824,77.32391,IN,Asia/Kolkata,0,5.5,India
Majholi,23.50114,79.92396,IN,Asia/Kolkata,0,5.5,India
Valangaiman,10.89012,79.39322,IN,Asia/Kolkata,0,5.5,India
Patrasaer,23.19697,87.53319,IN,Asia/Kolkata,0,5.5,India
Kottaiyur,10.10956,78.7956,IN,Asia/Kolkata,0,5.5,India
Dhuwaran,22.23779,72.7591,IN,Asia/Kolkata,0,5.5,India
Masila,22.58083,88.23278,IN,Asia/Kolkata,0,5.5,India
Maindargi,17.45739,76.2932,IN,Asia/Kolkata,0,5.5,India
Uniara,26.15336,75.21523,IN,Asia/Kolkata,0,5.5,India
Parnera,20.56101,72.94846,IN,Asia/Kolkata,0,5.5,India
Aduthurai,11.01542,79.48093,IN,Asia/Kolkata,0,5.5,India
Dalmau,26.06477,81.0298,IN,Asia/Kolkata,0,5.5,India
Narayanavanam,13.42565,79.58881,IN,Asia/Kolkata,0,5.5,India
Pudur,12.99801,79.14352,IN,Asia/Kolkata,0,5.5,India
Ganjam,19.38705,85.05079,IN,Asia/Kolkata,0,5.5,India
Arumbavur,11.38096,78.72965,IN,Asia/Kolkata,0,5.5,India
Davorlim,15.27221,73.99242,IN,Asia/Kolkata,0,5.5,India
Mundi,22.06693,76.49326,IN,Asia/Kolkata,0,5.5,India
Alanganallur,10.04697,78.09033,IN,Asia/Kolkata,0,5.5,India
Lakhna,26.64822,79.1477,IN,Asia/Kolkata,0,5.5,India
Gua,22.21361,85.38774,IN,Asia/Kolkata,0,5.5,India
Mangalam,9.76473,78.64037,IN,Asia/Kolkata,0,5.5,India
Faridnagar,28.76923,77.62934,IN,Asia/Kolkata,0,5.5,India
Bagra,23.73333,86.31667,IN,Asia/Kolkata,0,5.5,India
Baragaon,25.42936,82.81709,IN,Asia/Kolkata,0,5.5,India
Ghogha,21.68813,72.2763,IN,Asia/Kolkata,0,5.5,India
Rampura,26.34967,79.18234,IN,Asia/Kolkata,0,5.5,India
Kelamangalam,12.60307,77.85193,IN,Asia/Kolkata,0,5.5,India
Yol,32.16423,76.19622,IN,Asia/Kolkata,0,5.5,India
Ilampillai,11.60659,78.00676,IN,Asia/Kolkata,0,5.5,India
Kurud,20.83073,81.72212,IN,Asia/Kolkata,0,5.5,India
Akodia,23.38027,76.59875,IN,Asia/Kolkata,0,5.5,India
Rambha,19.51667,85.1,IN,Asia/Kolkata,0,5.5,India
Sinor,21.91117,73.33974,IN,Asia/Kolkata,0,5.5,India
Idukki,9.85,76.96667,IN,Asia/Kolkata,0,5.5,India
Anandnagar,27.10062,83.27156,IN,Asia/Kolkata,0,5.5,India
Chandur,17.87455,78.10017,IN,Asia/Kolkata,0,5.5,India
Barghat,22.03065,79.7328,IN,Asia/Kolkata,0,5.5,India
Sadat,25.67117,83.30269,IN,Asia/Kolkata,0,5.5,India
Kavaratti,10.56688,72.64203,IN,Asia/Kolkata,0,5.5,India
Barkhera Kalan,28.45209,79.80655,IN,Asia/Kolkata,0,5.5,India
Chandla,25.07148,80.19294,IN,Asia/Kolkata,0,5.5,India
Andrott,10.81186,73.67408,IN,Asia/Kolkata,0,5.5,India
Pansemal,21.65981,74.69937,IN,Asia/Kolkata,0,5.5,India
Dohrighat,26.27217,83.50916,IN,Asia/Kolkata,0,5.5,India
Puliyur,10.63375,78.84139,IN,Asia/Kolkata,0,5.5,India
Digapahandi,19.37275,84.57184,IN,Asia/Kolkata,0,5.5,India
Lakshettipet,18.86667,79.21667,IN,Asia/Kolkata,0,5.5,India
Bahsuma,29.20063,77.97221,IN,Asia/Kolkata,0,5.5,India
Chechat,24.76667,75.88333,IN,Asia/Kolkata,0,5.5,India
Badarwas,24.97516,77.5649,IN,Asia/Kolkata,0,5.5,India
Chhutmalpur,30.03209,77.75329,IN,Asia/Kolkata,0,5.5,India
Bisenda Buzurg,25.4035,80.61889,IN,Asia/Kolkata,0,5.5,India
Cherrapunji,25.30089,91.69619,IN,Asia/Kolkata,0,5.5,India
Cheyyur,12.34948,80.00304,IN,Asia/Kolkata,0,5.5,India
Chikitigarh,19.20233,84.6145,IN,Asia/Kolkata,0,5.5,India
Saitlaw,23.97187,92.57454,IN,Asia/Kolkata,0,5.5,India
Kattupputtur,10.99385,78.21929,IN,Asia/Kolkata,0,5.5,India
Badarpur,24.86852,92.59606,IN,Asia/Kolkata,0,5.5,India
Satrikh,26.86045,81.19567,IN,Asia/Kolkata,0,5.5,India
Pandatarai,22.18714,81.32815,IN,Asia/Kolkata,0,5.5,India
Sargur,11.99971,76.39611,IN,Asia/Kolkata,0,5.5,India
Jiran,24.30871,74.89087,IN,Asia/Kolkata,0,5.5,India
Mandawar,27.86374,76.54999,IN,Asia/Kolkata,0,5.5,India
Shahapur,19.45231,73.32572,IN,Asia/Kolkata,0,5.5,India
Govindgarh,27.50423,76.99938,IN,Asia/Kolkata,0,5.5,India
Lala,24.55418,92.61592,IN,Asia/Kolkata,0,5.5,India
Gola Bazar,26.3446,83.35303,IN,Asia/Kolkata,0,5.5,India
Kesabpur,22.96833,88.26278,IN,Asia/Kolkata,0,5.5,India
Daurala,29.11344,77.70467,IN,Asia/Kolkata,0,5.5,India
Gangavalli,11.49828,78.64966,IN,Asia/Kolkata,0,5.5,India
Gudlavalleru,16.35,81.05,IN,Asia/Kolkata,0,5.5,India
Kheri Sampla,28.7781,76.7756,IN,Asia/Kolkata,0,5.5,India
Narasingapuram,13.60759,79.31652,IN,Asia/Kolkata,0,5.5,India
Nagothana,18.54225,73.13493,IN,Asia/Kolkata,0,5.5,India
Udayagiri,20.12416,84.36869,IN,Asia/Kolkata,0,5.5,India
Paliyad,22.25757,71.56024,IN,Asia/Kolkata,0,5.5,India
Viraganur,11.47613,78.73553,IN,Asia/Kolkata,0,5.5,India
Jobner,26.97257,75.38752,IN,Asia/Kolkata,0,5.5,India
Sonamura,23.47547,91.2659,IN,Asia/Kolkata,0,5.5,India
Kanina Khas,28.33093,76.31099,IN,Asia/Kolkata,0,5.5,India
Dispur,26.13564,91.80069,IN,Asia/Kolkata,0,5.5,India
Sailana,23.46219,74.92318,IN,Asia/Kolkata,0,5.5,India
Hajan,34.29895,74.61681,IN,Asia/Kolkata,0,5.5,India
Ajjampur,13.72794,76.0068,IN,Asia/Kolkata,0,5.5,India
Baikunthpur,23.26206,82.56051,IN,Asia/Kolkata,0,5.5,India
Jobat,22.41599,74.56828,IN,Asia/Kolkata,0,5.5,India
Gangaikondan,8.85785,77.78019,IN,Asia/Kolkata,0,5.5,India
Allapalli,19.43172,80.06377,IN,Asia/Kolkata,0,5.5,India
Bagli,22.64124,76.34877,IN,Asia/Kolkata,0,5.5,India
Nawabganj,26.49716,80.30934,IN,Asia/Kolkata,0,5.5,India
Chhachhrauli,30.24492,77.36027,IN,Asia/Kolkata,0,5.5,India
Kalinagar,28.62019,80.08152,IN,Asia/Kolkata,0,5.5,India
Manavalakurichi,8.14776,77.30552,IN,Asia/Kolkata,0,5.5,India
Rajapur,16.65679,73.51701,IN,Asia/Kolkata,0,5.5,India
Rehti,22.73781,77.43399,IN,Asia/Kolkata,0,5.5,India
Bilaspur,30.3045,77.30424,IN,Asia/Kolkata,0,5.5,India
Ramanuj Ganj,23.80637,83.69981,IN,Asia/Kolkata,0,5.5,India
Parshadepur,26.07354,81.49207,IN,Asia/Kolkata,0,5.5,India
Ranapur,22.64704,74.52118,IN,Asia/Kolkata,0,5.5,India
Bhulath Gharbi,31.54279,75.50755,IN,Asia/Kolkata,0,5.5,India
patamda,24.3,85.41667,IN,Asia/Kolkata,0,5.5,India
Periyapatti,10.75812,77.27087,IN,Asia/Kolkata,0,5.5,India
Dhana,23.74697,78.86234,IN,Asia/Kolkata,0,5.5,India
Buriya,30.15911,77.35814,IN,Asia/Kolkata,0,5.5,India
Kulattur,9.0032,78.1928,IN,Asia/Kolkata,0,5.5,India
Serula,15.54774,73.84329,IN,Asia/Kolkata,0,5.5,India
Talgram,27.04753,79.64811,IN,Asia/Kolkata,0,5.5,India
Alangudi,10.3606,78.98492,IN,Asia/Kolkata,0,5.5,India
Bithur,26.60664,80.27098,IN,Asia/Kolkata,0,5.5,India
Sarai Ekdil,26.74442,79.09353,IN,Asia/Kolkata,0,5.5,India
Trimbak,19.93268,73.52907,IN,Asia/Kolkata,0,5.5,India
Naliya,23.26058,68.82655,IN,Asia/Kolkata,0,5.5,India
Walajabad,12.79041,79.82358,IN,Asia/Kolkata,0,5.5,India
Baldev,27.40684,77.82214,IN,Asia/Kolkata,0,5.5,India
Madhogarh,26.27522,79.1859,IN,Asia/Kolkata,0,5.5,India
Pavuluru,15.85292,80.16468,IN,Asia/Kolkata,0,5.5,India
Mallur,11.54424,78.14078,IN,Asia/Kolkata,0,5.5,India
Meghraj,23.49805,73.51352,IN,Asia/Kolkata,0,5.5,India
Solim,15.61521,73.7674,IN,Asia/Kolkata,0,5.5,India
Marandahalli,12.38826,78.00316,IN,Asia/Kolkata,0,5.5,India
Vikravandi,12.0369,79.54595,IN,Asia/Kolkata,0,5.5,India
Nandgaon,27.71102,77.38653,IN,Asia/Kolkata,0,5.5,India
Minicoy,8.28899,73.0617,IN,Asia/Kolkata,0,5.5,India
Mohgaon,21.63941,78.73638,IN,Asia/Kolkata,0,5.5,India
Banposh,22.24834,84.81044,IN,Asia/Kolkata,0,5.5,India
Adalaj,23.16453,72.58107,IN,Asia/Kolkata,0,5.5,India
Beniganj,27.29293,80.44364,IN,Asia/Kolkata,0,5.5,India
Revadanda,18.55363,72.92559,IN,Asia/Kolkata,0,5.5,India
Gariaband,20.63323,82.06221,IN,Asia/Kolkata,0,5.5,India
Tindwari,25.61739,80.52718,IN,Asia/Kolkata,0,5.5,India
Nagireddipalli,14.27005,79.10131,IN,Asia/Kolkata,0,5.5,India
Isagarh,24.83906,77.88274,IN,Asia/Kolkata,0,5.5,India
Amanpur,27.71222,78.73788,IN,Asia/Kolkata,0,5.5,India
Belaguntha,19.88249,84.63801,IN,Asia/Kolkata,0,5.5,India
Kushalgarh,23.19899,74.45074,IN,Asia/Kolkata,0,5.5,India
Nyamti,14.14869,75.57641,IN,Asia/Kolkata,0,5.5,India
Niwari,28.87611,77.5382,IN,Asia/Kolkata,0,5.5,India
Muragacha,23.53631,88.39425,IN,Asia/Kolkata,0,5.5,India
Madhoganj,27.11807,80.14058,IN,Asia/Kolkata,0,5.5,India
Kishangarh,27.81889,76.72972,IN,Asia/Kolkata,0,5.5,India
Pullambadi,10.9411,78.91041,IN,Asia/Kolkata,0,5.5,India
Vartej,21.73947,72.06553,IN,Asia/Kolkata,0,5.5,India
Harrai,22.61428,79.22207,IN,Asia/Kolkata,0,5.5,India
Nalagarh,31.04168,76.72285,IN,Asia/Kolkata,0,5.5,India
Bahua,25.83942,80.62255,IN,Asia/Kolkata,0,5.5,India
Narayangarh,24.27083,75.05007,IN,Asia/Kolkata,0,5.5,India
Chichli,22.83363,78.82611,IN,Asia/Kolkata,0,5.5,India
Benaulim,15.26435,73.92812,IN,Asia/Kolkata,0,5.5,India
Chinnasekkadu,13.16089,80.25727,IN,Asia/Kolkata,0,5.5,India
Tori-Fatehpur,25.45505,79.11428,IN,Asia/Kolkata,0,5.5,India
Govindgarh,24.37845,81.29644,IN,Asia/Kolkata,0,5.5,India
Khonsa,27.01667,95.56667,IN,Asia/Kolkata,0,5.5,India
Nannilam,10.87933,79.61062,IN,Asia/Kolkata,0,5.5,India
Baikunthpur,24.72768,81.40975,IN,Asia/Kolkata,0,5.5,India
Tankara,22.65622,70.74945,IN,Asia/Kolkata,0,5.5,India
Begowal,31.61152,75.52135,IN,Asia/Kolkata,0,5.5,India
Kiranur,10.56988,78.78682,IN,Asia/Kolkata,0,5.5,India
Sirpur,19.47953,79.57558,IN,Asia/Kolkata,0,5.5,India
Mirik,26.88817,88.19007,IN,Asia/Kolkata,0,5.5,India
Manohar Thana,24.24,76.80182,IN,Asia/Kolkata,0,5.5,India
Farrukhnagar,28.44745,76.82391,IN,Asia/Kolkata,0,5.5,India
Partapur,23.59276,74.17396,IN,Asia/Kolkata,0,5.5,India
Kalavai,12.77029,79.41999,IN,Asia/Kolkata,0,5.5,India
Jahangirpur,28.17919,77.70501,IN,Asia/Kolkata,0,5.5,India
Jagnair,26.8636,77.60231,IN,Asia/Kolkata,0,5.5,India
Alampur,26.02514,78.79697,IN,Asia/Kolkata,0,5.5,India
Udpura,24.73355,75.97514,IN,Asia/Kolkata,0,5.5,India
Kayattar,8.94834,77.77424,IN,Asia/Kolkata,0,5.5,India
vadlamuru,17.09545,82.16565,IN,Asia/Kolkata,0,5.5,India
Velankanni,10.68333,79.83333,IN,Asia/Kolkata,0,5.5,India
Makhjan,17.2698,73.50031,IN,Asia/Kolkata,0,5.5,India
Arambol,15.68681,73.70449,IN,Asia/Kolkata,0,5.5,India
Hampi,15.3352,76.4603,IN,Asia/Kolkata,0,5.5,India
Daulatabad,19.93611,75.22148,IN,Asia/Kolkata,0,5.5,India
Ramamangalam,9.93333,76.5,IN,Asia/Kolkata,0,5.5,India
Lodhikheda,21.58235,78.85911,IN,Asia/Kolkata,0,5.5,India
Karrapur,23.94891,78.86584,IN,Asia/Kolkata,0,5.5,India
Ganj Muradabad,26.95733,80.184,IN,Asia/Kolkata,0,5.5,India
Bhabhra,22.53048,74.32846,IN,Asia/Kolkata,0,5.5,India
Khujner,23.78597,76.61773,IN,Asia/Kolkata,0,5.5,India
Chandbali,20.77519,86.74139,IN,Asia/Kolkata,0,5.5,India
Hasanpur,27.96944,77.49544,IN,Asia/Kolkata,0,5.5,India
Nangavalli,11.76189,77.89093,IN,Asia/Kolkata,0,5.5,India
Kottapalli,18.49543,79.0943,IN,Asia/Kolkata,0,5.5,India
Gohpur,26.88184,93.6156,IN,Asia/Kolkata,0,5.5,India
Chima,30.6854,76.08643,IN,Asia/Kolkata,0,5.5,India
Tirumakudal Narsipur,12.21207,76.9018,IN,Asia/Kolkata,0,5.5,India
Jasrana,27.23587,78.65244,IN,Asia/Kolkata,0,5.5,India
Nagram,26.61872,81.14043,IN,Asia/Kolkata,0,5.5,India
Kishni,27.02487,79.262,IN,Asia/Kolkata,0,5.5,India
Eraniel,8.20589,77.31726,IN,Asia/Kolkata,0,5.5,India
Begampur,22.7307,88.25764,IN,Asia/Kolkata,0,5.5,India
Sarupathar,26.206,96.81,IN,Asia/Kolkata,0,5.5,India
Talen,23.56949,76.72821,IN,Asia/Kolkata,0,5.5,India
Barsana,27.64802,77.3764,IN,Asia/Kolkata,0,5.5,India
Antri,26.05804,78.21027,IN,Asia/Kolkata,0,5.5,India
Gandhi Nagar,13.00639,80.25417,IN,Asia/Kolkata,0,5.5,India
Mankapur,27.05189,82.22961,IN,Asia/Kolkata,0,5.5,India
Puduvayal,13.33015,80.14577,IN,Asia/Kolkata,0,5.5,India
Bakshwaho,24.25106,79.28618,IN,Asia/Kolkata,0,5.5,India
Kallupatti,9.71667,77.86667,IN,Asia/Kolkata,0,5.5,India
Kiri Buru,22.08333,85.35,IN,Asia/Kolkata,0,5.5,India
Haringhata,22.96474,88.57451,IN,Asia/Kolkata,0,5.5,India
Paddhari,22.43654,70.60162,IN,Asia/Kolkata,0,5.5,India
Patti,25.9215,82.20048,IN,Asia/Kolkata,0,5.5,India
Ramchandrapur,22.89639,88.47528,IN,Asia/Kolkata,0,5.5,India
Noria,32.52095,74.79845,IN,Asia/Kolkata,0,5.5,India
Masinigudi,11.56831,76.64087,IN,Asia/Kolkata,0,5.5,India
Betul Bazar,21.85572,77.92913,IN,Asia/Kolkata,0,5.5,India
Kot Isa Khan,30.94659,75.1378,IN,Asia/Kolkata,0,5.5,India
Debipur,24.25029,88.61824,IN,Asia/Kolkata,0,5.5,India
Mettuppalaiyam,11.16806,78.44944,IN,Asia/Kolkata,0,5.5,India
Erumaippatti,11.14671,78.28996,IN,Asia/Kolkata,0,5.5,India
Khargupur,27.37611,81.9882,IN,Asia/Kolkata,0,5.5,India
Karimpur,23.97594,88.61917,IN,Asia/Kolkata,0,5.5,India
Konanur,12.63016,76.05037,IN,Asia/Kolkata,0,5.5,India
Bokakhat,26.64018,93.60052,IN,Asia/Kolkata,0,5.5,India
Goshainganj,26.76793,81.10752,IN,Asia/Kolkata,0,5.5,India
Mahaban,27.43262,77.74338,IN,Asia/Kolkata,0,5.5,India
Gobindpur,23.83556,86.51853,IN,Asia/Kolkata,0,5.5,India
Garautha,25.5719,79.29764,IN,Asia/Kolkata,0,5.5,India
Champua,22.06734,85.66463,IN,Asia/Kolkata,0,5.5,India
Periyapattinam,9.27263,78.90232,IN,Asia/Kolkata,0,5.5,India
Harbatpur,30.43863,77.74058,IN,Asia/Kolkata,0,5.5,India
Hiranagar,32.45493,75.27187,IN,Asia/Kolkata,0,5.5,India
Nurpur Kalan,31.16667,76.48333,IN,Asia/Kolkata,0,5.5,India
Raia,15.30499,73.97096,IN,Asia/Kolkata,0,5.5,India
Sultanpur,23.13812,77.93404,IN,Asia/Kolkata,0,5.5,India
Khamanon Kalan,30.81725,76.35478,IN,Asia/Kolkata,0,5.5,India
Murgud,16.39604,74.19142,IN,Asia/Kolkata,0,5.5,India
Shahpur,23.02446,81.0038,IN,Asia/Kolkata,0,5.5,India
Naigarhi,24.78686,81.77868,IN,Asia/Kolkata,0,5.5,India
Umri,26.51056,78.93667,IN,Asia/Kolkata,0,5.5,India
Hatod,22.79378,75.73928,IN,Asia/Kolkata,0,5.5,India
Patan,21.03333,81.53333,IN,Asia/Kolkata,0,5.5,India
Mhasla,18.1334,73.11162,IN,Asia/Kolkata,0,5.5,India
Mudgere,13.13353,75.6416,IN,Asia/Kolkata,0,5.5,India
Basna,21.27885,82.8267,IN,Asia/Kolkata,0,5.5,India
Mandasa,18.8683,84.46296,IN,Asia/Kolkata,0,5.5,India
Belur,11.70752,78.41437,IN,Asia/Kolkata,0,5.5,India
Ambagarh Chauki,20.77644,80.74608,IN,Asia/Kolkata,0,5.5,India
Gudibanda,13.67099,77.70414,IN,Asia/Kolkata,0,5.5,India
Peraiyur,9.73579,77.78955,IN,Asia/Kolkata,0,5.5,India
Farah,27.32081,77.76185,IN,Asia/Kolkata,0,5.5,India
Namli,23.46115,75.06036,IN,Asia/Kolkata,0,5.5,India
Kampil,27.61268,79.27687,IN,Asia/Kolkata,0,5.5,India
Candolim,15.51807,73.76259,IN,Asia/Kolkata,0,5.5,India
Eral,8.62584,78.02282,IN,Asia/Kolkata,0,5.5,India
Kangar,32.09135,76.26267,IN,Asia/Kolkata,0,5.5,India
Dabhol,17.58971,73.18001,IN,Asia/Kolkata,0,5.5,India
Needamangalam,10.77378,79.41875,IN,Asia/Kolkata,0,5.5,India
Bhojudih,23.63962,86.44105,IN,Asia/Kolkata,0,5.5,India
Zafarabad,25.69867,82.73354,IN,Asia/Kolkata,0,5.5,India
Katra,32.99167,74.93195,IN,Asia/Kolkata,0,5.5,India
Pali,24.49188,78.41617,IN,Asia/Kolkata,0,5.5,India
Mowad,21.46475,78.45103,IN,Asia/Kolkata,0,5.5,India
Bamna,23.09454,74.76164,IN,Asia/Kolkata,0,5.5,India
Kenduadih,23.73602,86.37403,IN,Asia/Kolkata,0,5.5,India
Singoli,24.96667,75.3,IN,Asia/Kolkata,0,5.5,India
Sohagi,24.98181,81.69558,IN,Asia/Kolkata,0,5.5,India
Haraiya,26.79477,82.46436,IN,Asia/Kolkata,0,5.5,India
Puttaparthi,14.1652,77.8117,IN,Asia/Kolkata,0,5.5,India
Mustafabad,30.2022,77.14873,IN,Asia/Kolkata,0,5.5,India
Iklehra,23.14667,76.39044,IN,Asia/Kolkata,0,5.5,India
Chelakara,10.69289,76.34387,IN,Asia/Kolkata,0,5.5,India
Manjeshvar,12.71287,74.88857,IN,Asia/Kolkata,0,5.5,India
Kharod,21.7442,82.5788,IN,Asia/Kolkata,0,5.5,India
Manor,19.7244,72.90966,IN,Asia/Kolkata,0,5.5,India
Pallipattu,13.3386,79.44489,IN,Asia/Kolkata,0,5.5,India
Yelandur,12.04629,77.03034,IN,Asia/Kolkata,0,5.5,India
Mahroni,24.58624,78.72771,IN,Asia/Kolkata,0,5.5,India
Phulpur,26.07779,82.87608,IN,Asia/Kolkata,0,5.5,India
Alwa Tirunagari,8.60635,77.93983,IN,Asia/Kolkata,0,5.5,India
Seorinarayan,21.72055,82.59344,IN,Asia/Kolkata,0,5.5,India
Kannavam,11.8445,75.66266,IN,Asia/Kolkata,0,5.5,India
Santokhgarh,31.35205,76.31775,IN,Asia/Kolkata,0,5.5,India
Tirodi,21.68522,79.71906,IN,Asia/Kolkata,0,5.5,India
Virpur,23.1892,73.47987,IN,Asia/Kolkata,0,5.5,India
Kantilo,20.36152,85.19212,IN,Asia/Kolkata,0,5.5,India
Ahmadpur,23.83009,87.68661,IN,Asia/Kolkata,0,5.5,India
Papireddippatti,11.91774,78.36865,IN,Asia/Kolkata,0,5.5,India
Manappakkam,13.01083,80.16861,IN,Asia/Kolkata,0,5.5,India
Annamalainagar,11.4,79.73333,IN,Asia/Kolkata,0,5.5,India
Tiruppalaikudi,9.54606,78.91721,IN,Asia/Kolkata,0,5.5,India
Tikaitnagar,26.94612,81.56583,IN,Asia/Kolkata,0,5.5,India
Yairipok,24.67792,94.04767,IN,Asia/Kolkata,0,5.5,India
Bhigvan,18.3007,74.76701,IN,Asia/Kolkata,0,5.5,India
Gawan,28.41969,78.35186,IN,Asia/Kolkata,0,5.5,India
Bageshwar,29.83738,79.77161,IN,Asia/Kolkata,0,5.5,India
Sultanpur,20.08695,76.5187,IN,Asia/Kolkata,0,5.5,India
Kurgunta,17.19321,77.35772,IN,Asia/Kolkata,0,5.5,India
Roha,23.19646,69.27076,IN,Asia/Kolkata,0,5.5,India
Parbatipur,22.6625,88.22222,IN,Asia/Kolkata,0,5.5,India
Baragaon,25.47554,78.71224,IN,Asia/Kolkata,0,5.5,India
Bakani,24.28624,76.23709,IN,Asia/Kolkata,0,5.5,India
Kawant,22.09282,74.05078,IN,Asia/Kolkata,0,5.5,India
Parwanoo,30.83716,76.96143,IN,Asia/Kolkata,0,5.5,India
Mataundh,25.43594,80.15653,IN,Asia/Kolkata,0,5.5,India
Pippara,16.71667,81.55,IN,Asia/Kolkata,0,5.5,India
Lalam,9.71667,76.7,IN,Asia/Kolkata,0,5.5,India
Machalpur,24.12767,76.31672,IN,Asia/Kolkata,0,5.5,India
Ammapettai,11.61975,77.74264,IN,Asia/Kolkata,0,5.5,India
Korukollu,16.5,81.25,IN,Asia/Kolkata,0,5.5,India
Nandambakkam,12.97795,80.06781,IN,Asia/Kolkata,0,5.5,India
Kotra,25.8077,79.30909,IN,Asia/Kolkata,0,5.5,India
Sultanpur,29.75534,78.11034,IN,Asia/Kolkata,0,5.5,India
Dhanwar,24.41074,85.98183,IN,Asia/Kolkata,0,5.5,India
Gharghoda,22.17427,83.3517,IN,Asia/Kolkata,0,5.5,India
Orchha,25.35192,78.64033,IN,Asia/Kolkata,0,5.5,India
Bagnan,22.93338,88.13856,IN,Asia/Kolkata,0,5.5,India
Amguri,26.81482,94.52614,IN,Asia/Kolkata,0,5.5,India
Thanniyam,10.41667,76.13333,IN,Asia/Kolkata,0,5.5,India
Dhilwan,31.51432,75.34574,IN,Asia/Kolkata,0,5.5,India
Jetpur,22.34472,73.84093,IN,Asia/Kolkata,0,5.5,India
Palamedu,10.10501,78.11336,IN,Asia/Kolkata,0,5.5,India
Chail,25.42654,81.63198,IN,Asia/Kolkata,0,5.5,India
Jaithari,23.20856,78.61487,IN,Asia/Kolkata,0,5.5,India
Maibong,25.30125,93.13811,IN,Asia/Kolkata,0,5.5,India
Alagapuram,11.88705,78.91758,IN,Asia/Kolkata,0,5.5,India
Perur,10.97519,76.91292,IN,Asia/Kolkata,0,5.5,India
Manali,32.2574,77.17481,IN,Asia/Kolkata,0,5.5,India
Hariana,31.63512,75.83887,IN,Asia/Kolkata,0,5.5,India
Konganapuram,11.57105,77.9004,IN,Asia/Kolkata,0,5.5,India
Valpoy,15.53239,74.13671,IN,Asia/Kolkata,0,5.5,India
Antu,26.05654,81.90267,IN,Asia/Kolkata,0,5.5,India
Kandri,21.4203,79.27663,IN,Asia/Kolkata,0,5.5,India
Singapperumalkovil,12.75947,80.0075,IN,Asia/Kolkata,0,5.5,India
Odugattur,12.76793,78.88304,IN,Asia/Kolkata,0,5.5,India
Baldeogarh,24.75619,79.06715,IN,Asia/Kolkata,0,5.5,India
Pudur,9.29169,78.13848,IN,Asia/Kolkata,0,5.5,India
Balapur,17.31018,78.49969,IN,Asia/Kolkata,0,5.5,India
Pennathur,12.24681,79.22592,IN,Asia/Kolkata,0,5.5,India
Doiwala,30.17667,78.11659,IN,Asia/Kolkata,0,5.5,India
Munirabad,15.30928,76.3383,IN,Asia/Kolkata,0,5.5,India
Dhola,21.88129,71.77269,IN,Asia/Kolkata,0,5.5,India
Lansdowne,29.84183,78.68014,IN,Asia/Kolkata,0,5.5,India
Pallattur,10.14609,78.80309,IN,Asia/Kolkata,0,5.5,India
Ramnagar,32.80728,75.31119,IN,Asia/Kolkata,0,5.5,India
Rohru,31.20269,77.75484,IN,Asia/Kolkata,0,5.5,India
Jandiala Guru,31.56198,75.0277,IN,Asia/Kolkata,0,5.5,India
Tarabha,20.73252,83.67443,IN,Asia/Kolkata,0,5.5,India
Golakganj,26.10216,89.82275,IN,Asia/Kolkata,0,5.5,India
Azhikkal,11.94043,75.30512,IN,Asia/Kolkata,0,5.5,India
Kalundri,18.9802,73.12708,IN,Asia/Kolkata,0,5.5,India
Riasi,33.08115,74.83242,IN,Asia/Kolkata,0,5.5,India
Musafir-Khana,26.37837,81.79607,IN,Asia/Kolkata,0,5.5,India
Arimalam,10.25498,78.88403,IN,Asia/Kolkata,0,5.5,India
Bhatgaon,21.15,81.7,IN,Asia/Kolkata,0,5.5,India
Bilaspur,28.39128,77.62421,IN,Asia/Kolkata,0,5.5,India
Tsrar Sharif,33.86319,74.76524,IN,Asia/Kolkata,0,5.5,India
Sarila,25.77579,79.67535,IN,Asia/Kolkata,0,5.5,India
Jhulasan,23.3286,72.47314,IN,Asia/Kolkata,0,5.5,India
Jasrasar,27.70701,73.81276,IN,Asia/Kolkata,0,5.5,India
Bara Bazar,22.56667,88.35,IN,Asia/Kolkata,0,5.5,India
Bamora,24.05539,78.08925,IN,Asia/Kolkata,0,5.5,India
Nambutalai,9.72766,79.00707,IN,Asia/Kolkata,0,5.5,India
Periyanegamam,10.74317,77.10296,IN,Asia/Kolkata,0,5.5,India
Sahapur,22.52444,88.16694,IN,Asia/Kolkata,0,5.5,India
Gangadharpur,22.76,88.22,IN,Asia/Kolkata,0,5.5,India
Annavasal,10.4606,78.70029,IN,Asia/Kolkata,0,5.5,India
Titabar,26.6014,94.20386,IN,Asia/Kolkata,0,5.5,India
Banavar,13.41029,76.16314,IN,Asia/Kolkata,0,5.5,India
Seethanagaram,17.1767,81.6925,IN,Asia/Kolkata,0,5.5,India
Sakit,27.43463,78.77903,IN,Asia/Kolkata,0,5.5,India
Parol,32.34598,75.43441,IN,Asia/Kolkata,0,5.5,India
Rasulabad,26.74491,80.49012,IN,Asia/Kolkata,0,5.5,India
Kothi,24.7526,80.77751,IN,Asia/Kolkata,0,5.5,India
Chicalim,15.39835,73.84216,IN,Asia/Kolkata,0,5.5,India
Narasimharajapura,13.61075,75.512,IN,Asia/Kolkata,0,5.5,India
Bag,22.35905,74.79052,IN,Asia/Kolkata,0,5.5,India
Iawar,23.00943,76.5007,IN,Asia/Kolkata,0,5.5,India
Pahlgam,34.01592,75.31899,IN,Asia/Kolkata,0,5.5,India
Tira Sujanpur,31.83364,76.50539,IN,Asia/Kolkata,0,5.5,India
Barkot,30.80861,78.20596,IN,Asia/Kolkata,0,5.5,India
Piploda,23.35,75.43333,IN,Asia/Kolkata,0,5.5,India
Rengali,21.64602,84.05311,IN,Asia/Kolkata,0,5.5,India
Beltangadi,13.98333,75.3,IN,Asia/Kolkata,0,5.5,India
Bajna,27.89793,77.67836,IN,Asia/Kolkata,0,5.5,India
Amini,11.11408,72.71907,IN,Asia/Kolkata,0,5.5,India
Kilvelur,10.76721,79.74186,IN,Asia/Kolkata,0,5.5,India
Belluru,12.9814,76.73308,IN,Asia/Kolkata,0,5.5,India
Manalurpettai,12.00788,79.09184,IN,Asia/Kolkata,0,5.5,India
Chabua,27.48253,95.17451,IN,Asia/Kolkata,0,5.5,India
Daulatpur,25.32605,88.32989,IN,Asia/Kolkata,0,5.5,India
Malhargarh,24.28286,74.99024,IN,Asia/Kolkata,0,5.5,India
Sorbhog,26.48612,90.8859,IN,Asia/Kolkata,0,5.5,India
Amarkantak,22.67486,81.75908,IN,Asia/Kolkata,0,5.5,India
Dalhousie,32.55219,75.94663,IN,Asia/Kolkata,0,5.5,India
Jaisinghnagar,23.68582,81.39085,IN,Asia/Kolkata,0,5.5,India
Nadigaon,26.10784,79.02283,IN,Asia/Kolkata,0,5.5,India
Pithora,21.25021,82.51707,IN,Asia/Kolkata,0,5.5,India
Puduppatti,11.15217,78.21205,IN,Asia/Kolkata,0,5.5,India
Cortalim,15.40247,73.90881,IN,Asia/Kolkata,0,5.5,India
Wangjing,24.58921,94.06386,IN,Asia/Kolkata,0,5.5,India
Koonimedu,12.08519,79.88925,IN,Asia/Kolkata,0,5.5,India
Agatti,10.83522,72.18217,IN,Asia/Kolkata,0,5.5,India
Uttukkuli,11.16892,77.45431,IN,Asia/Kolkata,0,5.5,India
Bishunpur Urf Maharajganj,26.25914,83.11643,IN,Asia/Kolkata,0,5.5,India
Ratangarh,24.81667,75.11667,IN,Asia/Kolkata,0,5.5,India
Tarapur,19.86499,72.68426,IN,Asia/Kolkata,0,5.5,India
Ghorawal,24.75459,82.77965,IN,Asia/Kolkata,0,5.5,India
Dera Nanak,32.03733,75.02787,IN,Asia/Kolkata,0,5.5,India
Chikhli,20.75751,73.06268,IN,Asia/Kolkata,0,5.5,India
Kadipur,26.16779,82.37028,IN,Asia/Kolkata,0,5.5,India
Barpathar,26.28709,93.88844,IN,Asia/Kolkata,0,5.5,India
Jakhal,29.79627,75.82392,IN,Asia/Kolkata,0,5.5,India
Bamboo Flat,11.7,92.71667,IN,Asia/Kolkata,0,5.5,India
Alawalpur,31.43161,75.65614,IN,Asia/Kolkata,0,5.5,India
Barwadih,23.8478,84.11049,IN,Asia/Kolkata,0,5.5,India
Parichha,25.50789,78.75954,IN,Asia/Kolkata,0,5.5,India
Numaligarh,26.62249,93.72225,IN,Asia/Kolkata,0,5.5,India
Khed,18.33811,73.84677,IN,Asia/Kolkata,0,5.5,India
Ukwa,21.97102,80.46625,IN,Asia/Kolkata,0,5.5,India
Chinchinim,15.21447,73.97555,IN,Asia/Kolkata,0,5.5,India
Dharchula,29.84707,80.51951,IN,Asia/Kolkata,0,5.5,India
Haripur,22.93611,88.23194,IN,Asia/Kolkata,0,5.5,India
Kunnattur,12.34782,78.51046,IN,Asia/Kolkata,0,5.5,India
Krishnapur,22.67028,88.26944,IN,Asia/Kolkata,0,5.5,India
Ramban,33.24278,75.23513,IN,Asia/Kolkata,0,5.5,India
Sanchi,23.48646,77.7378,IN,Asia/Kolkata,0,5.5,India
Gohand,25.69871,79.54567,IN,Asia/Kolkata,0,5.5,India
Chittarkonda,18.12533,82.1089,IN,Asia/Kolkata,0,5.5,India
Somvarpet,12.59698,75.84957,IN,Asia/Kolkata,0,5.5,India
Kharsawan,22.79093,85.83102,IN,Asia/Kolkata,0,5.5,India
Swamimalai,10.95747,79.32931,IN,Asia/Kolkata,0,5.5,India
Mahur,25.18305,93.11342,IN,Asia/Kolkata,0,5.5,India
Gopalpur,19.25861,84.90517,IN,Asia/Kolkata,0,5.5,India
Babugarh,28.72353,77.84677,IN,Asia/Kolkata,0,5.5,India
Harnai,17.8134,73.09668,IN,Asia/Kolkata,0,5.5,India
Mohpa,21.31012,78.82969,IN,Asia/Kolkata,0,5.5,India
Banbasa,28.99132,80.07608,IN,Asia/Kolkata,0,5.5,India
Moranha,27.18735,94.91557,IN,Asia/Kolkata,0,5.5,India
Bomdila,27.26475,92.42472,IN,Asia/Kolkata,0,5.5,India
Sorab,14.38144,75.09183,IN,Asia/Kolkata,0,5.5,India
Guirim,15.57552,73.80722,IN,Asia/Kolkata,0,5.5,India
Sodpur,22.70428,88.39166,IN,Asia/Kolkata,0,5.5,India
Jagannathpur,22.22115,85.63917,IN,Asia/Kolkata,0,5.5,India
Inda Chhoi,29.64042,75.79041,IN,Asia/Kolkata,0,5.5,India
Khamharia,20.976,82.25116,IN,Asia/Kolkata,0,5.5,India
Akalgarh,29.82074,75.89078,IN,Asia/Kolkata,0,5.5,India
Katpur,21.05869,71.79457,IN,Asia/Kolkata,0,5.5,India
Malpur,23.36035,73.46595,IN,Asia/Kolkata,0,5.5,India
Nanguneri,8.49326,77.65806,IN,Asia/Kolkata,0,5.5,India
Kotar,24.69802,80.98073,IN,Asia/Kolkata,0,5.5,India
Goregaon,18.15483,73.29147,IN,Asia/Kolkata,0,5.5,India
Galiakot,23.51995,74.02028,IN,Asia/Kolkata,0,5.5,India
Kandra,22.8517,86.05192,IN,Asia/Kolkata,0,5.5,India
Mansar,21.39602,79.2635,IN,Asia/Kolkata,0,5.5,India
Uppiliyapuram,11.26356,78.5139,IN,Asia/Kolkata,0,5.5,India
Gudari,19.34762,83.78128,IN,Asia/Kolkata,0,5.5,India
Gopalpur,22.61845,88.75119,IN,Asia/Kolkata,0,5.5,India
Gogapur,23.55746,75.51665,IN,Asia/Kolkata,0,5.5,India
Katra,27.50871,82.02636,IN,Asia/Kolkata,0,5.5,India
Abiramam,9.4423,78.4399,IN,Asia/Kolkata,0,5.5,India
Awantipur,33.91978,75.01515,IN,Asia/Kolkata,0,5.5,India
Kaladhungi,29.28351,79.351,IN,Asia/Kolkata,0,5.5,India
Lohaghat,29.40356,80.08965,IN,Asia/Kolkata,0,5.5,India
Uri,34.08064,74.05088,IN,Asia/Kolkata,0,5.5,India
Pedda bhogili,18.6612,83.3784,IN,Asia/Kolkata,0,5.5,India
Itaunja,27.08347,80.89672,IN,Asia/Kolkata,0,5.5,India
Shivrajpur,22.42319,73.60865,IN,Asia/Kolkata,0,5.5,India
Garhdiwala,31.74147,75.75567,IN,Asia/Kolkata,0,5.5,India
Sabathu,30.97494,76.99137,IN,Asia/Kolkata,0,5.5,India
Ghumarwin,31.44166,76.71509,IN,Asia/Kolkata,0,5.5,India
Khaur,32.6027,74.80918,IN,Asia/Kolkata,0,5.5,India
Vijayapuri,11.2453,77.50066,IN,Asia/Kolkata,0,5.5,India
Manpur,22.43151,75.62107,IN,Asia/Kolkata,0,5.5,India
Bhim Tal,29.34447,79.56336,IN,Asia/Kolkata,0,5.5,India
Aldona,15.59337,73.87482,IN,Asia/Kolkata,0,5.5,India
Alur,12.97805,75.99094,IN,Asia/Kolkata,0,5.5,India
Ghansor,22.65976,79.95013,IN,Asia/Kolkata,0,5.5,India
Bhagwantnagar,26.22383,80.7575,IN,Asia/Kolkata,0,5.5,India
Auras,26.91414,80.50792,IN,Asia/Kolkata,0,5.5,India
S. Rayavaram,17.4546,82.8062,IN,Asia/Kolkata,0,5.5,India
Surgana,20.55956,73.63747,IN,Asia/Kolkata,0,5.5,India
Cholapuram,9.35193,77.56839,IN,Asia/Kolkata,0,5.5,India
Ugu,26.79681,80.32093,IN,Asia/Kolkata,0,5.5,India
Narharpur,20.44892,81.62004,IN,Asia/Kolkata,0,5.5,India
Oran,25.36882,80.7423,IN,Asia/Kolkata,0,5.5,India
Dhali,10.51049,77.18806,IN,Asia/Kolkata,0,5.5,India
Kiranur,10.59395,77.50315,IN,Asia/Kolkata,0,5.5,India
Chhuikhadan,21.52316,80.99788,IN,Asia/Kolkata,0,5.5,India
Elayirampannai,9.27033,77.82494,IN,Asia/Kolkata,0,5.5,India
Kumsi,14.05455,75.39992,IN,Asia/Kolkata,0,5.5,India
Waghai,20.77048,73.50074,IN,Asia/Kolkata,0,5.5,India
Mayakonda,14.28894,76.08305,IN,Asia/Kolkata,0,5.5,India
Narsingi,18.04468,78.42516,IN,Asia/Kolkata,0,5.5,India
Maharajganj,26.38126,81.27436,IN,Asia/Kolkata,0,5.5,India
Radhakund,27.52432,77.49101,IN,Asia/Kolkata,0,5.5,India
Bighapur Khurd,26.34734,80.65698,IN,Asia/Kolkata,0,5.5,India
Phariha,27.32166,78.47267,IN,Asia/Kolkata,0,5.5,India
Sini,22.79325,85.94543,IN,Asia/Kolkata,0,5.5,India
Ambasa,23.936,91.85436,IN,Asia/Kolkata,0,5.5,India
Ula,22.7225,88.55556,IN,Asia/Kolkata,0,5.5,India
Hesla,24.06313,85.87905,IN,Asia/Kolkata,0,5.5,India
Sankarpur,22.84839,88.45126,IN,Asia/Kolkata,0,5.5,India
Gidam,18.97431,81.39894,IN,Asia/Kolkata,0,5.5,India
Rampur,31.44943,77.63087,IN,Asia/Kolkata,0,5.5,India
Sabrum,23.00153,91.72427,IN,Asia/Kolkata,0,5.5,India
Gorur,12.82297,76.06463,IN,Asia/Kolkata,0,5.5,India
Ram Das,31.96739,74.9087,IN,Asia/Kolkata,0,5.5,India
Ateli Mandi,28.1008,76.2598,IN,Asia/Kolkata,0,5.5,India
Koradachcheri,10.77019,79.49158,IN,Asia/Kolkata,0,5.5,India
Singtam,27.23467,88.50168,IN,Asia/Kolkata,0,5.5,India
Londa,15.46907,74.51906,IN,Asia/Kolkata,0,5.5,India
Nagrota,32.0571,76.09139,IN,Asia/Kolkata,0,5.5,India
Sanguem,15.22901,74.15149,IN,Asia/Kolkata,0,5.5,India
Ponnampet,12.14473,75.94514,IN,Asia/Kolkata,0,5.5,India
Dungarpur,21.28777,71.7556,IN,Asia/Kolkata,0,5.5,India
Kishanpur,25.64232,81.0227,IN,Asia/Kolkata,0,5.5,India
Mamit,23.92703,92.48968,IN,Asia/Kolkata,0,5.5,India
Raghunathpur,25.64492,87.91762,IN,Asia/Kolkata,0,5.5,India
Ghanaur,30.33092,76.61203,IN,Asia/Kolkata,0,5.5,India
Vellanur,13.15804,80.10634,IN,Asia/Kolkata,0,5.5,India
Badhni Kalan,30.6813,75.29087,IN,Asia/Kolkata,0,5.5,India
Hirapur Hamesha,21.55546,79.78581,IN,Asia/Kolkata,0,5.5,India
Asarganj,25.15046,86.68639,IN,Asia/Kolkata,0,5.5,India
Beliator,23.32052,87.22081,IN,Asia/Kolkata,0,5.5,India
Artist Village,19.03227,73.04276,IN,Asia/Kolkata,0,5.5,India
Kovalam,8.36667,76.99667,IN,Asia/Kolkata,0,5.5,India
Thenzawl,23.31667,92.75,IN,Asia/Kolkata,0,5.5,India
Ramapuram,15.28749,77.86722,IN,Asia/Kolkata,0,5.5,India
Ray,23.6843,85.05457,IN,Asia/Kolkata,0,5.5,India
Fatehpur Chaurasi,26.78925,80.26547,IN,Asia/Kolkata,0,5.5,India
Nattarasankottai,9.86905,78.55305,IN,Asia/Kolkata,0,5.5,India
Beswan,27.63792,77.88019,IN,Asia/Kolkata,0,5.5,India
Shirgaon,19.69589,72.71527,IN,Asia/Kolkata,0,5.5,India
Jalgaon,17.74026,73.19087,IN,Asia/Kolkata,0,5.5,India
Saligao,15.55359,73.79036,IN,Asia/Kolkata,0,5.5,India
Topchanchi,23.90381,86.19792,IN,Asia/Kolkata,0,5.5,India
Sairang,23.81034,92.65226,IN,Asia/Kolkata,0,5.5,India
Talni,19.88176,76.47322,IN,Asia/Kolkata,0,5.5,India
Bhuma,27.78333,74.93333,IN,Asia/Kolkata,0,5.5,India
Bijrauni,24.93296,77.64352,IN,Asia/Kolkata,0,5.5,India
Kodigenahalli,13.72136,77.38629,IN,Asia/Kolkata,0,5.5,India
Colovale,15.63522,73.82426,IN,Asia/Kolkata,0,5.5,India
Peranamallur,12.57052,79.43332,IN,Asia/Kolkata,0,5.5,India
Queula,15.39011,73.98557,IN,Asia/Kolkata,0,5.5,India
Bhowali,29.38985,79.50481,IN,Asia/Kolkata,0,5.5,India
Hajipur,31.97714,75.75438,IN,Asia/Kolkata,0,5.5,India
Goa Velha,15.44384,73.88572,IN,Asia/Kolkata,0,5.5,India
Gudur,17.49174,78.82302,IN,Asia/Kolkata,0,5.5,India
Mattur,11.32147,79.20245,IN,Asia/Kolkata,0,5.5,India
Dehu,18.71851,73.76635,IN,Asia/Kolkata,0,5.5,India
Mohanpur,28.25261,80.24498,IN,Asia/Kolkata,0,5.5,India
Alappakkam,11.59895,79.71893,IN,Asia/Kolkata,0,5.5,India
Qazigund,33.63828,75.14261,IN,Asia/Kolkata,0,5.5,India
Carapur,15.56588,73.98713,IN,Asia/Kolkata,0,5.5,India
Pernem,15.723,73.79511,IN,Asia/Kolkata,0,5.5,India
Anjani Budruk,20.17216,76.64777,IN,Asia/Kolkata,0,5.5,India
Kamalpur,24.19593,91.83438,IN,Asia/Kolkata,0,5.5,India
Jua,15.5307,73.95047,IN,Asia/Kolkata,0,5.5,India
Bambolim,15.46361,73.8531,IN,Asia/Kolkata,0,5.5,India
Palle,15.46667,74.08333,IN,Asia/Kolkata,0,5.5,India
Kadmat,11.22467,72.77482,IN,Asia/Kolkata,0,5.5,India
Naroda,23.07041,72.65702,IN,Asia/Kolkata,0,5.5,India
Desur,12.43727,79.48145,IN,Asia/Kolkata,0,5.5,India
Matheran,18.98281,73.2652,IN,Asia/Kolkata,0,5.5,India
Jawala Mukhi,31.87456,76.32013,IN,Asia/Kolkata,0,5.5,India
Dusi,12.77574,79.67892,IN,Asia/Kolkata,0,5.5,India
Gopinathpur,22.66301,86.075,IN,Asia/Kolkata,0,5.5,India
Jogindarnagar,31.98727,76.78906,IN,Asia/Kolkata,0,5.5,India
Kasauli,30.89856,76.96587,IN,Asia/Kolkata,0,5.5,India
Raiwala Bara,30.01864,78.2293,IN,Asia/Kolkata,0,5.5,India
Ramnagar,22.77778,88.24639,IN,Asia/Kolkata,0,5.5,India
Hosanagara,13.91387,75.06503,IN,Asia/Kolkata,0,5.5,India
Aruvankad,11.36315,76.7579,IN,Asia/Kolkata,0,5.5,India
Diguvametta,15.39507,78.8293,IN,Asia/Kolkata,0,5.5,India
Koppa,13.53044,75.36329,IN,Asia/Kolkata,0,5.5,India
Bhandardaha,22.61476,88.1919,IN,Asia/Kolkata,0,5.5,India
Sravana Belgola,12.85737,76.48886,IN,Asia/Kolkata,0,5.5,India
Varca,15.23237,73.94311,IN,Asia/Kolkata,0,5.5,India
Sanvordem,15.26269,74.11965,IN,Asia/Kolkata,0,5.5,India
Madhogarh,24.56401,80.91126,IN,Asia/Kolkata,0,5.5,India
Avanoor,10.60826,76.1762,IN,Asia/Kolkata,0,5.5,India
Kotla,32.25,76.03333,IN,Asia/Kolkata,0,5.5,India
Ramgarh,33.40379,74.22388,IN,Asia/Kolkata,0,5.5,India
Nadaun,31.78303,76.3431,IN,Asia/Kolkata,0,5.5,India
Tawang,27.57417,91.92437,IN,Asia/Kolkata,0,5.5,India
Kanadukattan,10.17209,78.77935,IN,Asia/Kolkata,0,5.5,India
Daulatpur,31.78871,75.99154,IN,Asia/Kolkata,0,5.5,India
Dera Gopipur,31.87919,76.21871,IN,Asia/Kolkata,0,5.5,India
Narendranagar,30.16173,78.28712,IN,Asia/Kolkata,0,5.5,India
Raha,26.23333,92.51667,IN,Asia/Kolkata,0,5.5,India
Palasbari,26.12388,91.53974,IN,Asia/Kolkata,0,5.5,India
Patuli,23.55286,88.26473,IN,Asia/Kolkata,0,5.5,India
Magam,34.09256,74.59016,IN,Asia/Kolkata,0,5.5,India
Champawat,29.33501,80.07783,IN,Asia/Kolkata,0,5.5,India
Chandil,22.95745,86.05331,IN,Asia/Kolkata,0,5.5,India
Kadambur,8.99739,77.86191,IN,Asia/Kolkata,0,5.5,India
Mandholi Kalan,28.7085,75.68296,IN,Asia/Kolkata,0,5.5,India
Sanivarsante,12.72824,75.88669,IN,Asia/Kolkata,0,5.5,India
Neturhat,23.47457,84.2678,IN,Asia/Kolkata,0,5.5,India
Kalpeni,10.0826,73.64316,IN,Asia/Kolkata,0,5.5,India
Sham Churasi,31.50028,75.74917,IN,Asia/Kolkata,0,5.5,India
Pandoh,31.66902,77.05359,IN,Asia/Kolkata,0,5.5,India
Gokul,27.43926,77.72019,IN,Asia/Kolkata,0,5.5,India
Shahpur,22.19526,77.90682,IN,Asia/Kolkata,0,5.5,India
Sringeri,13.41698,75.25271,IN,Asia/Kolkata,0,5.5,India
Kothapet,19.35176,79.48323,IN,Asia/Kolkata,0,5.5,India
Batoti,33.11826,75.30889,IN,Asia/Kolkata,0,5.5,India
Theog,31.12155,77.35838,IN,Asia/Kolkata,0,5.5,India
Basar,27.99008,94.69451,IN,Asia/Kolkata,0,5.5,India
Daitari,21.1,85.75,IN,Asia/Kolkata,0,5.5,India
Palampur,32.11453,76.55681,IN,Asia/Kolkata,0,5.5,India
Panara,22.20568,78.55093,IN,Asia/Kolkata,0,5.5,India
Kalikapur,22.61662,86.2881,IN,Asia/Kolkata,0,5.5,India
Gho Brahmanan de,32.5559,74.9539,IN,Asia/Kolkata,0,5.5,India
Rangpo,27.17733,88.53358,IN,Asia/Kolkata,0,5.5,India
Melukote,12.66258,76.64861,IN,Asia/Kolkata,0,5.5,India
Gyalshing,27.28952,88.25764,IN,Asia/Kolkata,0,5.5,India
Darlawn,24.01336,92.92439,IN,Asia/Kolkata,0,5.5,India
Jaurian,32.83255,74.57612,IN,Asia/Kolkata,0,5.5,India
Kiltan,11.48577,73.00384,IN,Asia/Kolkata,0,5.5,India
Chiria,22.31093,85.27601,IN,Asia/Kolkata,0,5.5,India
Sarka Ghat,31.69887,76.73529,IN,Asia/Kolkata,0,5.5,India
Thanna Mandi,33.54204,74.381,IN,Asia/Kolkata,0,5.5,India
Vengavasal,12.89911,80.169,IN,Asia/Kolkata,0,5.5,India
Ghoga,25.21738,87.1571,IN,Asia/Kolkata,0,5.5,India
Digha,21.62776,87.51965,IN,Asia/Kolkata,0,5.5,India
Panhala,16.8121,74.11007,IN,Asia/Kolkata,0,5.5,India
Jorethang,27.10696,88.32332,IN,Asia/Kolkata,0,5.5,India
Daulatpur,32.05622,76.26101,IN,Asia/Kolkata,0,5.5,India
Suntikoppa,12.45594,75.8297,IN,Asia/Kolkata,0,5.5,India
Bhagirathpur,26.2695,86.06346,IN,Asia/Kolkata,0,5.5,India
North Vanlaiphai,23.13227,93.06532,IN,Asia/Kolkata,0,5.5,India
Borkhera,25.52115,75.64028,IN,Asia/Kolkata,0,5.5,India
Chuari Khas,32.43058,76.01428,IN,Asia/Kolkata,0,5.5,India
Guhagar,17.48415,73.19289,IN,Asia/Kolkata,0,5.5,India
Yarada,17.65872,83.27419,IN,Asia/Kolkata,0,5.5,India
Dayal Bagh,27.22122,78.01095,IN,Asia/Kolkata,0,5.5,India
Chakrata,30.70369,77.86386,IN,Asia/Kolkata,0,5.5,India
Gopalur,16.6122,77.80728,IN,Asia/Kolkata,0,5.5,India
Sarubera,23.81813,85.99628,IN,Asia/Kolkata,0,5.5,India
Arki,31.15196,76.96675,IN,Asia/Kolkata,0,5.5,India
Banihal,33.43647,75.19684,IN,Asia/Kolkata,0,5.5,India
Kalaikunda,22.3393,87.22637,IN,Asia/Kolkata,0,5.5,India
Korampallam,8.77506,78.09158,IN,Asia/Kolkata,0,5.5,India
Pachmarhi,22.46791,78.43312,IN,Asia/Kolkata,0,5.5,India
Koradi,21.24758,79.10575,IN,Asia/Kolkata,0,5.5,India
Mugma,23.77015,86.72746,IN,Asia/Kolkata,0,5.5,India
Dariba,24.94865,74.1342,IN,Asia/Kolkata,0,5.5,India
Gagret,31.65846,76.06144,IN,Asia/Kolkata,0,5.5,India
Anjani Khurd,20.06688,76.47855,IN,Asia/Kolkata,0,5.5,India
Nangilickondan,12.25539,79.47508,IN,Asia/Kolkata,0,5.5,India
Chowari,32.4319,76.012,IN,Asia/Kolkata,0,5.5,India
Govindapuram,16.15477,80.10279,IN,Asia/Kolkata,0,5.5,India
Dagshai,30.88431,77.05228,IN,Asia/Kolkata,0,5.5,India
Pallevada,16.5779,81.29463,IN,Asia/Kolkata,0,5.5,India
Rajgarh,30.85142,77.30066,IN,Asia/Kolkata,0,5.5,India
Chatakonda,17.55303,80.6477,IN,Asia/Kolkata,0,5.5,India
Dugadda,29.80673,78.61109,IN,Asia/Kolkata,0,5.5,India
Kodlipet,12.80087,75.88662,IN,Asia/Kolkata,0,5.5,India
Hosangadi,13.69756,74.95427,IN,Asia/Kolkata,0,5.5,India
Rudraprayag,30.28467,78.98354,IN,Asia/Kolkata,0,5.5,India
Khawhai,23.37807,93.12797,IN,Asia/Kolkata,0,5.5,India
Naigaon Dattapur,20.24404,76.57483,IN,Asia/Kolkata,0,5.5,India
pedda nakkalapalem,15.8668,80.16202,IN,Asia/Kolkata,0,5.5,India
Jutogh,31.1,77.11667,IN,Asia/Kolkata,0,5.5,India
Wadgaon Tejan,20.05214,76.51067,IN,Asia/Kolkata,0,5.5,India
Dwarahat,29.77785,79.42731,IN,Asia/Kolkata,0,5.5,India
Kuttalam,8.9303,77.26951,IN,Asia/Kolkata,0,5.5,India
Jogighopa,26.22646,90.57247,IN,Asia/Kolkata,0,5.5,India
Chetlat,11.68828,72.70957,IN,Asia/Kolkata,0,5.5,India
Reddivaripalle,13.6031,79.0466,IN,Asia/Kolkata,0,5.5,India
Madhavkampa,23.19148,73.22759,IN,Asia/Kolkata,0,5.5,India
Devaprayag,30.14603,78.60272,IN,Asia/Kolkata,0,5.5,India
Ganguvada,18.66667,84.11667,IN,Asia/Kolkata,0,5.5,India
Shivani Pisa,20.0955,76.45295,IN,Asia/Kolkata,0,5.5,India
Baga,15.56517,73.75517,IN,Asia/Kolkata,0,5.5,India
Sector,28.5708,77.3261,IN,Asia/Kolkata,0,5.5,India
Dadra,20.32504,72.96618,IN,Asia/Kolkata,0,5.5,India
Paikpara,24.77121,87.92251,IN,Asia/Kolkata,0,5.5,India
Pipalkoti,30.42553,79.43066,IN,Asia/Kolkata,0,5.5,India
Edakkulam,10.6102,76.18352,IN,Asia/Kolkata,0,5.5,India
Auroville,12.00549,79.80885,IN,Asia/Kolkata,0,5.5,India
Nagar,32.13808,77.17393,IN,Asia/Kolkata,0,5.5,India
Pitampura,28.68964,77.13126,IN,Asia/Kolkata,0,5.5,India
Walhur,20.05593,76.48317,IN,Asia/Kolkata,0,5.5,India
Pangala,13.25,74.75,IN,Asia/Kolkata,0,5.5,India
Kolanukonda,16.45392,80.61046,IN,Asia/Kolkata,0,5.5,India
Hayuliang,28.07301,96.54305,IN,Asia/Kolkata,0,5.5,India
Bakreswar,23.8832,87.37265,IN,Asia/Kolkata,0,5.5,India
Bakloh,32.47939,75.91874,IN,Asia/Kolkata,0,5.5,India
Chaupal,30.94647,77.5884,IN,Asia/Kolkata,0,5.5,India
Seoni,31.24188,77.12362,IN,Asia/Kolkata,0,5.5,India
Thang,34.9274,76.79336,IN,Asia/Kolkata,0,5.5,India
Akasahebpet,17.50455,82.56597,IN,Asia/Kolkata,0,5.5,India
Harina Pashdal Bar,21.9021,87.7062,IN,Asia/Kolkata,0,5.5,India
Sarahan,31.50988,77.79395,IN,Asia/Kolkata,0,5.5,India
Mangan,27.50965,88.52206,IN,Asia/Kolkata,0,5.5,India
Abhaneri,27.00743,76.6076,IN,Asia/Kolkata,0,5.5,India
7LC,29.40303,73.60256,IN,Asia/Kolkata,0,5.5,India
Morjim,15.63097,73.73903,IN,Asia/Kolkata,0,5.5,India
Banjar,31.639,77.34055,IN,Asia/Kolkata,0,5.5,India
Jubbal,31.10923,77.65085,IN,Asia/Kolkata,0,5.5,India
Baisi,25.86302,87.74487,IN,Asia/Kolkata,0,5.5,India
Kotkhai,31.11728,77.53936,IN,Asia/Kolkata,0,5.5,India
Kud,33.07246,75.28727,IN,Asia/Kolkata,0,5.5,India
Palackattumala,9.74356,76.6294,IN,Asia/Kolkata,0,5.5,India
Ajani Khurd,18.6199,76.94125,IN,Asia/Kolkata,0,5.5,India
Koyali,20.02945,76.49074,IN,Asia/Kolkata,0,5.5,India
Namchi,27.16494,88.3638,IN,Asia/Kolkata,0,5.5,India
Pimpalkhuta,20.01453,76.49991,IN,Asia/Kolkata,0,5.5,India
Wadgaon Sarhad,19.90355,76.48233,IN,Asia/Kolkata,0,5.5,India
Naya Bazar,27.13082,88.23972,IN,Asia/Kolkata,0,5.5,India
Garha Brahman,23.86873,77.35731,IN,Asia/Kolkata,0,5.5,India
Kavalur,15.28829,75.9433,IN,Asia/Kolkata,0,5.5,India
"Kalimpong, Kruketi",27.05623,88.46207,IN,Asia/Kolkata,0,5.5,India
Resubelpara,25.90404,90.60747,IN,Asia/Kolkata,0,5.5,India
Nautan,26.72028,84.47538,IN,Asia/Kolkata,0,5.5,India
Kangpokpi,25.15273,93.97167,IN,Asia/Kolkata,0,5.5,India
Kagaznagar,19.33159,79.46605,IN,Asia/Kolkata,0,5.5,India
Neemuch,24.47639,74.86241,IN,Asia/Kolkata,0,5.5,India
Hawai,27.88677,96.8017,IN,Asia/Kolkata,0,5.5,India
Sonari,27.07344,95.02753,IN,Asia/Kolkata,0,5.5,India
Beed,18.98921,75.75634,IN,Asia/Kolkata,0,5.5,India
Bishnupur,24.62845,93.76179,IN,Asia/Kolkata,0,5.5,India
Tirupattur,12.49239,78.56804,IN,Asia/Kolkata,0,5.5,India
Pherzawl,24.26227,93.18873,IN,Asia/Kolkata,0,5.5,India
Surajpur,23.21347,82.86836,IN,Asia/Kolkata,0,5.5,India
George Town,13.0926,80.2801,IN,Asia/Kolkata,0,5.5,India
Hatsingimari,25.70986,89.90078,IN,Asia/Kolkata,0,5.5,India
Sukma,18.39014,81.65941,IN,Asia/Kolkata,0,5.5,India
Medchal,17.62972,78.48139,IN,Asia/Kolkata,0,5.5,India
Garamur,26.94891,94.17205,IN,Asia/Kolkata,0,5.5,India
Ampati,25.4623,89.93325,IN,Asia/Kolkata,0,5.5,India
Pangin,28.21022,94.98873,IN,Asia/Kolkata,0,5.5,India
Mushalpur,26.5792,91.4261,IN,Asia/Kolkata,0,5.5,India
Khliehriat,25.35776,92.36643,IN,Asia/Kolkata,0,5.5,India
Tengnoupal,24.3855,94.1472,IN,Asia/Kolkata,0,5.5,India
Balrampur,23.61219,83.61115,IN,Asia/Kolkata,0,5.5,India
Defence Colony,28.57144,77.23272,IN,Asia/Kolkata,0,5.5,India
Pakke Kessang,27.14665,93.24643,IN,Asia/Kolkata,0,5.5,India
Jaoli,17.94817,73.62172,IN,Asia/Kolkata,0,5.5,India
Hnahthial,22.91,92.76,IN,Asia/Kolkata,0,5.5,India
Amaravati,16.54167,80.51528,IN,Asia/Kolkata,0,5.5,India
Chittoor,13.21055,79.0956,IN,Asia/Kolkata,0,5.5,India
Shahdara,28.60311,77.13988,IN,Asia/Kolkata,0,5.5,India
Jiribam,24.80427,93.12148,IN,Asia/Kolkata,0,5.5,India
Williamnagar,25.4955,90.6168,IN,Asia/Kolkata,0,5.5,India
Dasarahalli,13.09904,77.83204,IN,Asia/Kolkata,0,5.5,India
Namsai,27.66904,95.86395,IN,Asia/Kolkata,0,5.5,India
Hamren,25.93354,92.61656,IN,Asia/Kolkata,0,5.5,India
Longleng,26.48989,94.81772,IN,Asia/Kolkata,0,5.5,India
Chandel,24.32987,94.00379,IN,Asia/Kolkata,0,5.5,India
Bishramganj,23.60582,91.34355,IN,Asia/Kolkata,0,5.5,India
Haveli,18.42966,73.88218,IN,Asia/Kolkata,0,5.5,India
Kamjong,24.85846,94.51549,IN,Asia/Kolkata,0,5.5,India
Khanpur,23.28352,73.68152,IN,Asia/Kolkata,0,5.5,India
Biswanath Chariali,26.72577,93.14659,IN,Asia/Kolkata,0,5.5,India
Bina,24.18,78.2,IN,Asia/Kolkata,0,5.5,India
Madha,18.0329,75.5234,IN,Asia/Kolkata,0,5.5,India
Rourkela,22.2604,84.8536,IN,Asia/Kolkata,0,5.5,India
Alirajpur,22.306,74.3558,IN,Asia/Kolkata,0,5.5,India
Kurukshetra,29.969,76.8783,IN,Asia/Kolkata,0,5.5,India
Mumbai,19.07609,72.87742,IN,Asia/Kolkata,0,5.5,India
Shanghai,31.22222,121.45806,CN,Asia/Shanghai,14608512,8,China,
Buenos Aires,-34.61315,-58.37723,AR,America/Argentina/Buenos_Aires,13076300,-3,Argentina,
Mexico City,19.42847,-99.12766,MX,America/Mexico_City,12294193,-6,Mexico,
Karachi,24.9056,67.0822,PK,Asia/Karachi,11624219,5,Pakistan,
Istanbul,41.01384,28.94966,TR,Europe/Istanbul,11174257,2,Turkey,
Manila,14.6042,120.9822,PH,Asia/Manila,10444527,8,Philippines,
Moscow,55.75222,37.61556,RU,Europe/Moscow,10381222,4,Russian Federation,
Dhaka,23.7104,90.40744,BD,Asia/Dhaka,10356500,6,Bangladesh,
Seoul,37.56826,126.97783,KR,Asia/Seoul,10349312,9,"Korea, Republic Of"
Sao Paulo,-23.5475,-46.63611,BR,America/Sao_Paulo,10021295,-3,Brazil,
Lagos,6.45306,3.39583,NG,Africa/Lagos,9000000,1,Nigeria,
Jakarta,-6.21462,106.84513,ID,Asia/Jakarta,8540121,7,Indonesia,
Tokyo,35.6895,139.69171,JP,Asia/Tokyo,8336599,9,Japan,
Zhumadian,32.97944,114.02944,CN,Asia/Shanghai,8263100,8,China,
New York City,40.71427,-74.00597,US,America/New_York,8175133,-5,United States,
Taipei,25.04776,121.53185,TW,Asia/Taipei,7871900,8,"Taiwan, Province Of China"
Kinshasa,-4.32142,15.30807,CD,Africa/Kinshasa,7785965,1,"Congo, The Democratic Republic Of The"
Lima,-12.04318,-77.02824,PE,America/Lima,7737002,-5,Peru,
Cairo,30.06263,31.24967,EG,Africa/Cairo,7734614,2,Egypt,
City of London,51.51279,-0.09184,GB,Europe/London,7556900,0,United Kingdom,
London,51.50853,-0.12574,GB,Europe/London,7556900,0,United Kingdom,
Beijing,39.9075,116.39723,CN,Asia/Shanghai,7480601,8,China,
Tehran,35.69439,51.42151,IR,Asia/Tehran,7153309,3.5,"Iran, Islamic Republic Of"
Nanchong,30.79508,106.08474,CN,Asia/Chongqing,7150000,8,China,
Bogota,4.60971,-74.08175,CO,America/Bogota,7102602,-5,Colombia,
Hong Kong,22.28552,114.15769,HK,Asia/Hong_Kong,7012738,8,Hong Kong,
Lahore,31.54972,74.34361,PK,Asia/Karachi,6310888,5,Pakistan,
Rio de Janeiro,-22.90278,-43.2075,BR,America/Sao_Paulo,6023699,-3,Brazil,
Baghdad,33.34058,44.40088,IQ,Asia/Baghdad,5672513,3,Iraq,
Tai'an,36.18528,117.12,CN,Asia/Shanghai,5499000,8,China,
Bangkok,13.75398,100.50144,TH,Asia/Bangkok,5104476,7,Thailand,
Yueyang,29.33333,113.09194,CN,Asia/Shanghai,5000000,8,China,
Santiago,-33.45694,-70.64827,CL,America/Santiago,4837295,-4,Chile,
Kaifeng,34.7986,114.30742,CN,Asia/Shanghai,4800000,8,China,
Toronto,43.70011,-79.4163,CA,America/Toronto,4612191,-5,Canada,
Rangoon,16.80528,96.15611,MM,Asia/Rangoon,4477638,6.5,Myanmar,
Sydney,-33.86785,151.20732,AU,Australia/Sydney,4394576,10,Australia,
Riyadh,24.68773,46.72185,SA,Asia/Riyadh,4205961,3,Saudi Arabia,
Wuhan,30.58333,114.26667,CN,Asia/Shanghai,4184206,8,China,
Saint Petersburg,59.89444,30.26417,RU,Europe/Moscow,4039745,4,Russian Federation,
Chongqing,29.56278,106.55278,CN,Asia/Chongqing,3967028,8,China,
Chengdu,30.66667,104.06667,CN,Asia/Chongqing,3950437,8,China,
Chittagong,22.3384,91.83168,BD,Asia/Dhaka,3920222,6,Bangladesh,
Alexandria,31.21564,29.95527,EG,Africa/Cairo,3811516,2,Egypt,
Los Angeles,34.05223,-118.24368,US,America/Los_Angeles,3792621,-8,United States,
Tianjin,39.14222,117.17667,CN,Asia/Shanghai,3766207,8,China,
Melbourne,-37.814,144.96332,AU,Australia/Melbourne,3730206,10,Australia,
Busan,35.10278,129.04028,KR,Asia/Seoul,3678555,9,"Korea, Republic Of"
Abidjan,5.30966,-4.01266,CI,Africa/Abidjan,3677115,0,Côte D'ivoire,
Kano,12.00012,8.51672,NG,Africa/Lagos,3626068,1,Nigeria,
Puyang,29.45679,119.88872,CN,Asia/Shanghai,3590000,8,China,
Yokohama-shi,35.44778,139.6425,JP,Asia/Tokyo,3574443,9,Japan,
Ibadan,7.38778,3.89639,NG,Africa/Lagos,3565108,1,Nigeria,
Singapore,1.28967,103.85007,SG,Asia/Singapore,3547809,8,Singapore,
Ankara,39.91987,32.85427,TR,Europe/Istanbul,3517182,2,Turkey,
Shenyang,41.79222,123.43278,CN,Asia/Shanghai,3512192,8,China,
Thanh pho Ho Chi Minh,10.75,106.66667,VN,Asia/Ho_Chi_Minh,3467331,7,Viet Nam,
Shiyan,32.6475,110.77806,CN,Asia/Shanghai,3460000,8,China,
Cape Town,-33.92584,18.42322,ZA,Africa/Johannesburg,3433441,2,South Africa,
Berlin,52.52437,13.41053,DE,Europe/Berlin,3426354,1,Germany,
Montreal,45.50884,-73.58781,CA,America/Montreal,3268513,-5,Canada,
Madrid,40.4165,-3.70256,ES,Europe/Madrid,3255944,1,Spain,
Harbin,45.75,126.65,CN,Asia/Harbin,3229883,8,China,
Xi'an,34.25833,108.92861,CN,Asia/Chongqing,3225812,8,China,
Pyongyang,39.03385,125.75432,KP,Asia/Pyongyang,3222000,9,"Korea, Democratic People's Republic Of"
Lanzhou,36.05639,103.79222,CN,Asia/Chongqing,3200000,8,China,
Guangzhou,23.11667,113.25,CN,Asia/Shanghai,3152825,8,China,
Casablanca,33.58831,-7.61138,MA,Africa/Casablanca,3144909,0,Morocco,
Durban,-29.8579,31.0292,ZA,Africa/Johannesburg,3120282,2,South Africa,
Nanjing,32.06167,118.77778,CN,Asia/Shanghai,3087010,8,China,
Kabul,34.52813,69.17233,AF,Asia/Kabul,3043532,4.5,Afghanistan,
Shenzhen,22.54554,114.0683,CN,Asia/Shanghai,3000000,8,China,
Caracas,10.48801,-66.87919,VE,America/Caracas,3000000,-4.5,"Venezuela, Bolivarian Republic Of"
Jeddah,21.51694,39.21917,SA,Asia/Riyadh,2867446,3,Saudi Arabia,
Luanda,-8.83682,13.23432,AO,Africa/Luanda,2776168,1,Angola,
Quezon City,14.6488,121.0509,PH,Asia/Manila,2761720,8,Philippines,
Addis Ababa,9.02497,38.74689,ET,Africa/Addis_Ababa,2757729,3,Ethiopia,
Nairobi,-1.28333,36.81667,KE,Africa/Nairobi,2750547,3,Kenya,
Taiyuan,37.86944,112.56028,CN,Asia/Shanghai,2722475,8,China,
Salvador,-12.97111,-38.51083,BR,America/Bahia,2711840,-3,Brazil,
Dar es Salaam,-6.82349,39.26951,TZ,Africa/Dar_es_Salaam,2698652,3,"Tanzania, United Republic Of"
Chicago,41.85003,-87.65005,US,America/Chicago,2695598,-6,United States,
Incheon,37.45361,126.73167,KR,Asia/Seoul,2628000,9,"Korea, Republic Of"
Yunfu,22.93056,112.0373,CN,Asia/Chongqing,2612800,8,China,
Al Basrah,30.53302,47.79747,IQ,Asia/Baghdad,2600000,3,Iraq,
Osaka-shi,34.69374,135.50218,JP,Asia/Tokyo,2592413,9,Japan,
Mogadishu,2.03711,45.34375,SO,Africa/Mogadishu,2587183,3,Somalia,
Daegu,35.87028,128.59111,KR,Asia/Seoul,2566540,9,"Korea, Republic Of"
Roma,41.89474,12.4839,IT,Europe/Rome,2563241,1,Italy,
Changchun,43.88,125.32278,CN,Asia/Harbin,2537421,8,China,
Kiev,50.45466,30.5238,UA,Europe/Kiev,2514227,2,Ukraine,
Faisalabad,31.41667,73.08333,PK,Asia/Karachi,2506595,5,Pakistan,
Izmir,38.41273,27.13838,TR,Europe/Istanbul,2500603,2,Turkey,
Zhongshan,21.32256,110.58291,CN,Asia/Urumqi,2493400,8,China,
Dakar,14.6937,-17.44406,SN,Africa/Dakar,2476400,0,Senegal,
Al Jizah,30.00808,31.21093,EG,Africa/Cairo,2443203,2,Egypt,
Fortaleza,-3.71722,-38.54306,BR,America/Fortaleza,2400000,-3,Brazil,
Cali,3.43722,-76.5225,CO,America/Bogota,2392877,-5,Colombia,
Surabaya,-7.24917,112.75083,ID,Asia/Jakarta,2374658,7,Indonesia,
Belo Horizonte,-19.92083,-43.93778,BR,America/Sao_Paulo,2373224,-3,Brazil,
Grand Dakar,14.70889,-17.45528,SN,Africa/Dakar,2352057,0,Senegal,
Mashhad,36.297,59.6062,IR,Asia/Tehran,2307177,3.5,"Iran, Islamic Republic Of"
Brooklyn,40.6501,-73.94958,US,America/New_York,2300664,-5,United States,
Maracaibo,10.63167,-71.64056,VE,America/Caracas,2225000,-4.5,"Venezuela, Bolivarian Republic Of"
Brasilia,-15.77972,-47.92972,BR,America/Sao_Paulo,2207718,-3,Brazil,
Santo Domingo,18.50012,-69.98857,DO,America/Santo_Domingo,2201941,-4,Dominican Republic,
Nagoya-shi,35.18147,136.90641,JP,Asia/Tokyo,2191279,9,Japan,
Havana,23.13302,-82.38304,CU,America/Havana,2163824,-5,Cuba,
Paris,48.85341,2.3488,FR,Europe/Paris,2138551,1,France,
Houston,29.76328,-95.36327,US,America/Chicago,2099451,-6,United States,
Changsha,28.2,112.96667,CN,Asia/Shanghai,2073938,8,China,
Jinan,36.66833,116.99722,CN,Asia/Shanghai,2069266,8,China,
Al Mawsil al Jadidah,36.33091,43.09065,IQ,Asia/Baghdad,2065597,3,Iraq,
Dalian,38.91222,121.60222,CN,Asia/Shanghai,2035307,8,China,
Johannesburg,-26.20227,28.04363,ZA,Africa/Johannesburg,2026469,2,South Africa,
Kowloon,22.31667,114.18333,HK,Asia/Hong_Kong,2019533,8,Hong Kong,
Al Basrat al Qadimah,30.49528,47.8169,IQ,Asia/Baghdad,2015483,3,Iraq,
Zhengzhou,34.75778,113.64861,CN,Asia/Shanghai,2014125,8,China,
Almaty,43.25654,76.92848,KZ,Asia/Almaty,2000900,6,Kazakhstan,
Medellin,6.25184,-75.56359,CO,America/Bogota,1999979,-5,Colombia,
Shijiazhuang,38.04139,114.47861,CN,Asia/Shanghai,1992474,8,China,
Tashkent,41.26465,69.21627,UZ,Asia/Tashkent,1978028,5,Uzbekistan,
Algiers,36.7525,3.04197,DZ,Africa/Algiers,1977663,1,Algeria,
Khartoum,15.55177,32.53241,SD,Africa/Khartoum,1974647,3,Sudan,
Accra,5.55602,-0.1969,GH,Africa/Accra,1963264,0,Ghana,
Guayaquil,-2.16667,-79.9,EC,America/Guayaquil,1952029,-5,Ecuador,
Ordos,39.6086,109.78157,CN,Asia/Chongqing,1940653,8,China,
Sanaa,15.35472,44.20667,YE,Asia/Aden,1937451,3,Yemen,
Beirut,33.88894,35.49442,LB,Asia/Beirut,1916100,2,Lebanon,
Sapporo-shi,43.06417,141.34694,JP,Asia/Tokyo,1883027,9,Japan,
Jilin,43.85083,126.56028,CN,Asia/Harbin,1881977,8,China,
Hangzhou,30.29365,120.16142,CN,Asia/Shanghai,1878129,8,China,
Bucharest,44.43225,26.10626,RO,Europe/Bucharest,1877155,2,Romania,
Nanchang,28.68333,115.88333,CN,Asia/Shanghai,1871351,8,China,
Camayenne,9.535,-13.68778,GN,Africa/Conakry,1871242,0,Guinea,
Vancouver,49.24966,-123.11934,CA,America/Vancouver,1837969,-8,Canada,
Iztapalapa,19.35111,-99.05194,MX,America/Mexico_City,1820888,-6,Mexico,
Ecatepec,19.60111,-99.0525,MX,America/Mexico_City,1806226,-6,Mexico,
Conakry,9.53795,-13.67729,GN,Africa/Conakry,1767200,0,Guinea,
Maracay,10.24694,-67.59583,VE,America/Caracas,1754256,-4.5,"Venezuela, Bolivarian Republic Of"
Medan,3.58333,98.66667,ID,Asia/Jakarta,1750971,7,Indonesia,
Rawalpindi,33.6007,73.0679,PK,Asia/Karachi,1743101,5,Pakistan,
Minsk,53.9,27.56667,BY,Europe/Minsk,1742124,3,Belarus,
Mosul,36.335,43.11889,IQ,Asia/Baghdad,1739800,3,Iraq,
Hamburg,53.57532,10.01534,DE,Europe/Berlin,1739117,1,Germany,
Curitiba,-25.42778,-49.27306,BR,America/Sao_Paulo,1718421,-3,Brazil,
Warsaw,52.22977,21.01178,PL,Europe/Warsaw,1702139,1,Poland,
Bandung,-6.90389,107.61861,ID,Asia/Jakarta,1699719,7,Indonesia,
Budapest,47.49801,19.03991,HU,Europe/Budapest,1696128,1,Hungary,
Soweto,-26.26781,27.85849,ZA,Africa/Johannesburg,1695047,2,South Africa,
Vienna,48.20849,16.37208,AT,Europe/Vienna,1691468,1,Austria,
Rabat,34.01325,-6.83255,MA,Africa/Casablanca,1655753,0,Morocco,
Qingdao,36.09861,120.37194,CN,Asia/Shanghai,1642245,8,China,
Guadalajara,20.66667,-103.33333,MX,America/Mexico_City,1640589,-6,Mexico,
Barcelona,41.38879,2.15899,ES,Europe/Madrid,1621537,1,Spain,
Pretoria,-25.74486,28.18783,ZA,Africa/Johannesburg,1619438,2,South Africa,
Aleppo,36.20124,37.16117,SY,Asia/Damascus,1602264,2,Syrian Arab Republic,
Manaus,-3.10194,-60.025,BR,America/Manaus,1598210,-4,Brazil,
Tangshan,39.63333,118.18333,CN,Asia/Shanghai,1596949,8,China,
Xinyang,32.12278,114.06556,CN,Asia/Shanghai,1590668,8,China,
Puebla de Zaragoza,19.05,-98.2,MX,America/Mexico_City,1590256,-6,Mexico,
Kaduna,10.52224,7.43828,NG,Africa/Lagos,1582102,1,Nigeria,
Phnom Penh,11.56245,104.91601,KH,Asia/Phnom_Penh,1573544,7,Cambodia,
Damascus,33.5102,36.29128,SY,Asia/Damascus,1569394,2,Syrian Arab Republic,
Esfahan,32.65722,51.67761,IR,Asia/Tehran,1547164,3.5,"Iran, Islamic Republic Of"
Harare,-17.82772,31.05337,ZW,Africa/Harare,1542813,2,Zimbabwe,
Gorod Belgorod,50.59857,36.59273,RU,Europe/Moscow,1531044,4,Russian Federation,
Kobe-shi,34.6913,135.183,JP,Asia/Tokyo,1528478,9,Japan,
Philadelphia,39.95234,-75.16379,US,America/New_York,1526006,-5,United States,
Bekasi,-6.2349,106.9896,ID,Asia/Jakarta,1520119,7,Indonesia,
Kaohsiung,22.61626,120.31333,TW,Asia/Taipei,1519711,8,"Taiwan, Province Of China"
Ciudad Juarez,31.73333,-106.48333,MX,America/Ojinaga,1512354,-7,Mexico,
Urunchi,43.80096,87.60046,CN,Asia/Urumqi,1508225,8,China,
Manhattan,40.78343,-73.96625,US,America/New_York,1487536,-5,United States,
Asuncion,-25.30066,-57.63591,PY,America/Asuncion,1482200,-4,Paraguay,
Recife,-8.05389,-34.88111,BR,America/Recife,1478098,-3,Brazil,
Daejeon,36.32139,127.41972,KR,Asia/Seoul,1475221,9,"Korea, Republic Of"
Kumasi,6.68848,-1.62443,GH,Africa/Accra,1468609,0,Ghana,
Kyoto,35.02107,135.75385,JP,Asia/Tokyo,1459640,9,Japan,
Kuala Lumpur,3.1412,101.68653,MY,Asia/Kuala_Lumpur,1453975,8,Malaysia,
Karaj,35.8355,51.0103,IR,Asia/Tehran,1448075,3.5,"Iran, Islamic Republic Of"
Perth,-31.95224,115.8614,AU,Australia/Perth,1446704,8,Australia,
Phoenix,33.44838,-112.07404,US,America/Phoenix,1445632,-7,United States,
Kathmandu,27.70169,85.3206,NP,Asia/Kathmandu,1442271,5.75,Nepal,
Palembang,-2.91673,104.7458,ID,Asia/Jakarta,1441500,7,Indonesia,
Multan,30.19556,71.47528,PK,Asia/Karachi,1437230,5,Pakistan,
Ha Noi,21.0245,105.84117,VN,Asia/Ho_Chi_Minh,1431270,7,Viet Nam,
Kharkiv,49.98081,36.25272,UA,Europe/Kiev,1430885,2,Ukraine,
Cordoba,-31.4135,-64.18105,AR,America/Argentina/Cordoba,1428214,-3,Argentina,
Tabriz,38.08,46.2919,IR,Asia/Tehran,1424641,3.5,"Iran, Islamic Republic Of"
Novosibirsk,55.0415,82.9346,RU,Asia/Novosibirsk,1419007,7,Russian Federation,
Gwangju,35.15472,126.91556,KR,Asia/Seoul,1416938,9,"Korea, Republic Of"
Bursa,40.19167,29.06111,TR,Europe/Istanbul,1412701,2,Turkey,
Belem,-1.45583,-48.50444,BR,America/Belem,1407737,-3,Brazil,
Fushun,41.85583,123.92333,CN,Asia/Shanghai,1400646,8,China,
Quito,-0.22985,-78.52495,EC,America/Guayaquil,1399814,-5,Ecuador,
Fukuoka-shi,33.60639,130.41806,JP,Asia/Tokyo,1392289,9,Japan,
Antananarivo,-18.91368,47.53613,MG,Indian/Antananarivo,1391433,3,Madagascar,
Luoyang,34.68361,112.45361,CN,Asia/Shanghai,1390581,8,China,
Hefei,31.86389,117.28083,CN,Asia/Shanghai,1388904,8,China,
Hyderabad,25.39242,68.37366,PK,Asia/Karachi,1386330,5,Pakistan,
Borough of Bronx,40.84985,-73.86641,US,America/New_York,1385108,-5,United States,
Valencia,10.16202,-68.00765,VE,America/Caracas,1385083,-4.5,"Venezuela, Bolivarian Republic Of"
Gujranwala,32.16167,74.18831,PK,Asia/Karachi,1384471,5,Pakistan,
Barranquilla,10.96389,-74.79639,CO,America/Bogota,1380425,-5,Colombia,
Liuyang,28.15,113.63333,CN,Asia/Shanghai,1380000,8,China,
Tijuana,32.5027,-117.00371,MX,America/Tijuana,1376457,-8,Mexico,
Lubumbashi,-11.66089,27.47938,CD,Africa/Lubumbashi,1373770,2,"Congo, The Democratic Republic Of The"
Porto Alegre,-30.03306,-51.23,BR,America/Sao_Paulo,1372741,-3,Brazil,
Tangerang,-6.17806,106.63,ID,Asia/Jakarta,1372124,7,Indonesia,
Santa Cruz de la Sierra,-17.8,-63.16667,BO,America/La_Paz,1364389,-4,"Bolivia, Plurinational State Of"
Handan,36.60056,114.46778,CN,Asia/Shanghai,1358318,8,China,
Kampala,0.31628,32.58219,UG,Africa/Kampala,1353189,3,Uganda,
Suzhou,31.30408,120.59538,CN,Asia/Shanghai,1343091,8,China,
Khulna,22.80978,89.56439,BD,Asia/Dhaka,1342339,6,Bangladesh,
Douala,4.04827,9.70428,CM,Africa/Douala,1338082,1,Cameroon,
Shantou,23.36814,116.71479,CN,Asia/Shanghai,1333973,8,China,
San Antonio,29.42412,-98.49363,US,America/Chicago,1327407,-6,United States,
Mecca,21.42667,39.82611,SA,Asia/Riyadh,1323624,3,Saudi Arabia,
Makassar,-5.14,119.4221,ID,Asia/Makassar,1321717,8,Indonesia,
San Diego,32.71533,-117.15726,US,America/Los_Angeles,1307402,-8,United States,
Kawasaki,35.52056,139.71722,JP,Asia/Tokyo,1306785,9,Japan,
Milano,45.46427,9.18951,IT,Europe/Rome,1306661,1,Italy,
Baotou,40.65222,109.82222,CN,Asia/Chongqing,1301768,8,China,
Medina,24.46861,39.61417,SA,Asia/Riyadh,1300000,3,Saudi Arabia,
Yaounde,3.86667,11.51667,CM,Africa/Douala,1299369,1,Cameroon,
Bamako,12.65,-8,ML,Africa/Bamako,1297281,0,Mali,
Semarang,-6.9932,110.4203,ID,Asia/Jakarta,1288084,7,Indonesia,
Yekaterinburg,56.8575,60.6125,RU,Asia/Yekaterinburg,1287573,6,Russian Federation,
Brazzaville,-4.26613,15.28318,CG,Africa/Brazzaville,1284609,1,Congo,
Nizhniy Novgorod,56.32867,44.00205,RU,Europe/Moscow,1284164,4,Russian Federation,
Amman,31.95522,35.94503,JO,Asia/Amman,1275857,2,Jordan,
Budta,7.20417,124.43972,PH,Asia/Manila,1273715,8,Philippines,
Belgrade,44.80401,20.46513,RS,Europe/Belgrade,1273651,1,Serbia,
Montevideo,-34.83346,-56.16735,UY,America/Montevideo,1270737,-3,Uruguay,
Lusaka,-15.40669,28.28713,ZM,Africa/Lusaka,1267440,2,Zambia,
Muenchen,48.13743,11.57549,DE,Europe/Berlin,1260391,1,Germany,
Stockholm,59.33258,18.0649,SE,Europe/Stockholm,1253309,1,Sweden,
Ra's Bayrut,33.9,35.48333,LB,Asia/Beirut,1251739,2,Lebanon,
Shiraz,29.6036,52.5388,IR,Asia/Tehran,1249942,3.5,"Iran, Islamic Republic Of"
Adana,37.00167,35.32889,TR,Europe/Istanbul,1248988,2,Turkey,
Suigen,37.29111,127.00889,KR,Asia/Seoul,1242724,9,"Korea, Republic Of"
Port-au-Prince,18.53917,-72.335,HT,America/Port-au-Prince,1234742,-5,Haiti,
Ciudad Nezahualcoyotl,19.41361,-99.03306,MX,America/Mexico_City,1232220,-6,Mexico,
Peshawar,34.008,71.57849,PK,Asia/Karachi,1218773,5,Pakistan,
Davao,7.07306,125.61278,PH,Asia/Manila,1212504,8,Philippines,
Mandalay,21.97473,96.08359,MM,Asia/Rangoon,1208099,6.5,Myanmar,
Santiago de los Caballeros,19.45,-70.7,DO,America/Santo_Domingo,1200000,-4,Dominican Republic,
Omdurman,15.64453,32.47773,SD,Africa/Khartoum,1200000,3,Sudan,
Anshan,41.12361,122.99,CN,Asia/Shanghai,1199275,8,China,
Tongshan,34.18045,117.15707,CN,Asia/Shanghai,1199193,8,China,
Depok,-6.4,106.81861,ID,Asia/Jakarta,1198129,7,Indonesia,
Dallas,32.78306,-96.80667,US,America/Chicago,1197816,-6,United States,
Saitama,35.90807,139.65657,JP,Asia/Tokyo,1193350,9,Japan,
Gustavo A. Madero,19.47861,-99.09583,MX,America/Mexico_City,1193161,-6,Mexico,
Maputo,-25.96553,32.58322,MZ,Africa/Maputo,1191613,2,Mozambique,
Gustavo A. Madero,22.83333,-98.76667,MX,America/Monterrey,1185772,-6,Mexico,
Fuzhou,26.06139,119.30611,CN,Asia/Shanghai,1179720,8,China,
Rosario,-32.94682,-60.63932,AR,America/Argentina/Cordoba,1173533,-3,Argentina,
Guiyang,26.58333,106.71667,CN,Asia/Chongqing,1171633,8,China,
Goiania,-16.67861,-49.25389,BR,America/Sao_Paulo,1171195,-3,Brazil,
Guarulhos,-23.46278,-46.53333,BR,America/Sao_Paulo,1169577,-3,Brazil,
Prague,50.08804,14.42076,CZ,Europe/Prague,1165581,1,Czech Republic,
Copenhagen,55.67594,12.56553,DK,Europe/Copenhagen,1153615,1,Denmark,
Sofia,42.69751,23.32415,BG,Europe/Sofia,1152556,2,Bulgaria,
Tripoli,32.87519,13.18746,LY,Africa/Tripoli,1150989,2,Libya,
Port Harcourt,4.77742,7.0134,NG,Africa/Lagos,1148665,1,Nigeria,
Hiroshima-shi,34.39627,132.45937,JP,Asia/Tokyo,1143841,9,Japan,
Dayan,26.86879,100.22072,CN,Asia/Chongqing,1137600,8,China,
Dubai,25.25817,55.30472,AE,Asia/Dubai,1137347,4,United Arab Emirates,
Samara,53.20006,50.15,RU,Europe/Samara,1134730,4,Russian Federation,
Omsk,55,73.4,RU,Asia/Omsk,1129281,7,Russian Federation,
Benin City,6.33504,5.62749,NG,Africa/Lagos,1125058,1,Nigeria,
Monterrey,25.66667,-100.31667,MX,America/Monterrey,1122874,-6,Mexico,
Malingao,7.16083,124.475,PH,Asia/Manila,1121974,8,Philippines,
Baku,40.37767,49.89201,AZ,Asia/Baku,1116513,4,Azerbaijan,
Leon,21.11667,-101.66667,MX,America/Mexico_City,1114626,-6,Mexico,
Maiduguri,11.84644,13.16027,NG,Africa/Lagos,1112449,1,Nigeria,
Wuxi,31.56887,120.28857,CN,Asia/Shanghai,1108647,8,China,
Kazan,55.78874,49.12214,RU,Europe/Moscow,1104738,4,Russian Federation,
Yerevan,40.18111,44.51361,AM,Asia/Yerevan,1093485,4,Armenia,
Ouagadougou,12.36566,-1.53388,BF,Africa/Ouagadougou,1086505,0,Burkina Faso,
Yono,35.88333,139.63333,JP,Asia/Tokyo,1077730,9,Japan,
Rostov-na-Donu,47.23135,39.72328,RU,Europe/Moscow,1074482,4,Russian Federation,
Adelaide,-34.92866,138.59863,AU,Australia/Adelaide,1074159,9.5,Australia,
Goyang,37.65639,126.835,KR,Asia/Seoul,1073069,9,"Korea, Republic Of"
Gaziantep,37.05944,37.3825,TR,Europe/Istanbul,1065975,2,Turkey,
Chelyabinsk,55.15444,61.42972,RU,Asia/Yekaterinburg,1062919,6,Russian Federation,
Datong,40.09361,113.29139,CN,Asia/Shanghai,1052678,8,China,
Tbilisi,41.69411,44.83368,GE,Asia/Tbilisi,1049498,4,Georgia,
Changshu City,31.64615,120.74221,CN,Asia/Shanghai,1047700,8,China,
Taichung,24.1469,120.6839,TW,Asia/Taipei,1040725,8,"Taiwan, Province Of China"
Sendai-shi,38.26889,140.87194,JP,Asia/Tokyo,1037562,9,Japan,
Xianyang,34.33778,108.70261,CN,Asia/Chongqing,1034081,8,China,
Ufa,54.78517,56.04562,RU,Asia/Yekaterinburg,1033338,6,Russian Federation,
Dnipropetrovsk,48.45,34.98333,UA,Europe/Kiev,1032822,2,Ukraine,
Seongnam,37.43861,127.13778,KR,Asia/Seoul,1031935,9,"Korea, Republic Of"
Campinas,-22.90556,-47.06083,BR,America/Sao_Paulo,1031554,-3,Brazil,
Huainan,32.62639,116.99694,CN,Asia/Shanghai,1027655,8,China,
Donets'k,48.023,37.80224,UA,Europe/Kiev,1024700,2,Ukraine,
Dublin,53.33306,-6.24889,IE,Europe/Dublin,1024027,0,Ireland,
Kunming,25.03889,102.71833,CN,Asia/Chongqing,1023674,8,China,
Calgary,51.05011,-114.08529,CA,America/Edmonton,1019942,-7,Canada,
Brussels,50.85045,4.34878,BE,Europe/Brussels,1019022,1,Belgium,
Volgograd,48.71939,44.50184,RU,Europe/Volgograd,1011417,4,Russian Federation,
Nova Iguacu,-22.75917,-43.45111,BR,America/Sao_Paulo,1002118,-3,Brazil,
Jieyang,23.52886,116.36416,CN,Asia/Shanghai,1001985,8,China,
Odessa,46.47747,30.73262,UA,Europe/Kiev,1001558,2,Ukraine,
Zhu Cheng City,35.99502,119.40259,CN,Asia/Shanghai,1000000,8,China,
Masjid Jamie Baitul Muttaqien,-6.36836,107.9558,ID,Asia/Jakarta,1000000,7,Indonesia,
Kitakyushu,33.83333,130.83333,JP,Asia/Tokyo,997536,9,Japan,
Baoding,38.85111,115.49028,CN,Asia/Shanghai,995652,8,China,
Guatemala City,14.64072,-90.51327,GT,America/Guatemala,994938,-6,Guatemala,
Napoli,40.83333,14.25,IT,Europe/Rome,988972,1,Italy,
Benxi,41.28861,123.765,CN,Asia/Shanghai,987717,8,China,
Zapopan,20.72356,-103.38479,MX,America/Mexico_City,987516,-6,Mexico,
Birmingham,52.48142,-1.89983,GB,Europe/London,984333,0,United Kingdom,
Perm',58.01741,56.28552,RU,Asia/Yekaterinburg,982419,6,Russian Federation,
Zaria,11.11128,7.7227,NG,Africa/Lagos,975153,1,Nigeria,
Managua,12.13282,-86.2504,NI,America/Managua,973087,-6,Nicaragua,
Port Elizabeth,-33.91799,25.57007,ZA,Africa/Johannesburg,967677,2,South Africa,
Fes,34.03715,-4.9998,MA,Africa/Casablanca,964891,0,Morocco,
Koeln,50.93333,6.95,DE,Europe/Berlin,963395,1,Germany,
Ulsan,35.53722,129.31667,KR,Asia/Seoul,962865,9,"Korea, Republic Of"
Brisbane,-27.46794,153.02809,AU,Australia/Brisbane,958504,10,Australia,
Maceio,-9.66583,-35.73528,BR,America/Maceio,954991,-3,Brazil,
Cartagena,10.39972,-75.51444,CO,America/Bogota,952024,-5,Colombia,
Changzhou,31.78333,119.96667,CN,Asia/Shanghai,949018,8,China,
Sultanah,24.49258,39.58572,SA,Asia/Riyadh,946697,3,Saudi Arabia,
San Jose,37.33939,-121.89496,US,America/Los_Angeles,945942,-8,United States,
Monrovia,6.30054,-10.7969,LR,Africa/Monrovia,939524,0,Liberia,
Mamuju,-2.6748,118.8885,ID,Asia/Makassar,938254,8,Indonesia,
Kingston,17.99702,-76.79358,JM,America/Jamaica,937700,-5,Jamaica,
Erbil,36.19257,44.01062,IQ,Asia/Baghdad,932800,3,Iraq,
Krasnoyarsk,56.0091,92.8628,RU,Asia/Krasnoyarsk,927200,8,Russian Federation,
Nay Pyi Taw,19.745,96.12972,MM,Asia/Rangoon,925000,6.5,Myanmar,
Chiba-shi,35.60472,140.12333,JP,Asia/Tokyo,919729,9,Japan,
Sao Luis,-2.52972,-44.30278,BR,America/Fortaleza,917237,-3,Brazil,
Sale,34.03892,-6.8166,MA,Africa/Casablanca,903485,0,Morocco,
Huaibei,33.97444,116.79167,CN,Asia/Shanghai,903039,8,China,
Cochabamba,-17.3895,-66.1568,BO,America/La_Paz,900414,-4,"Bolivia, Plurinational State Of"
Abobo,5.41613,-4.0159,CI,Africa/Abidjan,900000,0,Côte D'ivoire,
Qom,34.6401,50.8764,IR,Asia/Tehran,900000,3.5,"Iran, Islamic Republic Of"
Abu Ghurayb,33.30703,44.18694,IQ,Asia/Baghdad,900000,3,Iraq,
Bishkek,42.87,74.59,KG,Asia/Bishkek,900000,6,Kyrgyzstan,
Aba,5.10658,7.36667,NG,Africa/Lagos,897560,1,Nigeria,
Pingdingshan,33.73847,113.30119,CN,Asia/Shanghai,889675,8,China,
Qiqihar,47.34083,123.96722,CN,Asia/Harbin,882364,8,China,
Klang,3.03333,101.45,MY,Asia/Kuala_Lumpur,879867,8,Malaysia,
Mendoza,-32.89084,-68.82717,AR,America/Argentina/Mendoza,876884,-3,Argentina,
Konya,37.87135,32.48464,TR,Europe/Istanbul,875530,2,Turkey,
Mbuji-Mayi,-6.13603,23.58979,CD,Africa/Lubumbashi,874761,2,"Congo, The Democratic Republic Of The"
Pikine,14.75,-17.4,SN,Africa/Dakar,874062,0,Senegal,
Wenzhou,27.99942,120.66682,CN,Asia/Shanghai,865672,8,China,
Torino,45.07049,7.68682,IT,Europe/Rome,865263,1,Italy,
Saratov,51.54056,46.00861,RU,Europe/Volgograd,863725,4,Russian Federation,
Tegucigalpa,14.0818,-87.20681,HN,America/Tegucigalpa,850848,-6,Honduras,
Bucheon,37.49889,126.78306,KR,Asia/Seoul,850731,9,"Korea, Republic Of"
Voronezh,51.67204,39.1843,RU,Europe/Moscow,848752,4,Russian Federation,
Naucalpan de Juarez,19.47851,-99.23963,MX,America/Mexico_City,846185,-6,Mexico,
Ulaanbaatar,47.90771,106.88324,MN,Asia/Ulaanbaatar,844818,8,Mongolia,
Ahvaz,31.3203,48.6693,IR,Asia/Tehran,841145,3.5,"Iran, Islamic Republic Of"
Arequipa,-16.39889,-71.535,PE,America/Lima,841130,-5,Peru,
Padang,-0.94924,100.35427,ID,Asia/Jakarta,840352,7,Indonesia,
Marrakesh,31.63416,-7.99994,MA,Africa/Casablanca,839296,0,Morocco,
Kampung Baru Subang,3.15,101.53333,MY,Asia/Kuala_Lumpur,833571,8,Malaysia,
Indianapolis,39.76838,-86.15804,US,America/Indiana/Indianapolis,829718,-5,United States,
Jacksonville,30.33218,-81.65565,US,America/New_York,821784,-5,United States,
Duque de Caxias,-22.78556,-43.31167,BR,America/Sao_Paulo,818329,-3,Brazil,
Jos,9.91667,8.9,NG,Africa/Lagos,816824,1,Nigeria,
Valencia,39.46975,-0.37739,ES,Europe/Madrid,814208,1,Spain,
Ilorin,8.5,4.55,NG,Africa/Lagos,814192,1,Nigeria,
Callao,-12.06667,-77.15,PE,America/Lima,813264,-5,Peru,
La Paz,-16.5,-68.15,BO,America/La_Paz,812799,-4,"Bolivia, Plurinational State Of"
Ottawa,45.41117,-75.69812,CA,America/Toronto,812129,-5,Canada,
Barquisimeto,10.07389,-69.32278,VE,America/Caracas,809490,-4.5,"Venezuela, Bolivarian Republic Of"
San Francisco,37.77493,-122.41942,US,America/Los_Angeles,805235,-8,United States,
Nanning,22.81667,108.31667,CN,Asia/Chongqing,803788,8,China,
Freetown,8.484,-13.22994,SL,Africa/Freetown,802639,0,Sierra Leone,
Johor Bahru,1.4655,103.7578,MY,Asia/Kuala_Lumpur,802489,8,Malaysia,
Bandarlampung,-5.42544,105.25803,ID,Asia/Jakarta,800348,7,Indonesia,
Zagreb - Centar,45.81313,15.97753,HR,Europe/Zagreb,800000,1,Croatia,
Bogor,-6.59444,106.78917,ID,Asia/Jakarta,800000,7,Indonesia,
Mombasa,-4.05466,39.66359,KE,Africa/Nairobi,799668,3,Kenya,
Cebu City,10.31672,123.89071,PH,Asia/Manila,798634,8,Philippines,
Muscat,23.61387,58.5922,OM,Asia/Muscat,797000,4,Oman,
Zaporizhzhya,47.82289,35.19031,UA,Europe/Zaporozhye,796217,2,Ukraine,
Marseille,43.29695,5.38107,FR,Europe/Paris,794811,1,France,
Az Zarqa',32.07275,36.08796,JO,Asia/Amman,792665,2,Jordan,
Cankaya,39.9179,32.86268,TR,Europe/Istanbul,792189,2,Turkey,
Austin,30.26715,-97.74306,US,America/Chicago,790390,-6,United States,
Columbus,39.96118,-82.99879,US,America/New_York,787033,-5,United States,
Boumerdas,36.76639,3.47717,DZ,Africa/Algiers,786499,1,Algeria,
Sakai,34.58333,135.46667,JP,Asia/Tokyo,782339,9,Japan,
Anyang,36.09944,114.32889,CN,Asia/Shanghai,781129,8,China,
San Miguel de Tucuman,-26.82414,-65.2226,AR,America/Argentina/Tucuman,781023,-3,Argentina,
Homs,34.72682,36.72339,SY,Asia/Damascus,775404,2,Syrian Arab Republic,
Hohhot,40.81056,111.65222,CN,Asia/Chongqing,774477,8,China,
Niamey,13.51366,2.1098,NE,Africa/Niamey,774235,1,Niger,
Tainan,22.99083,120.21333,TW,Asia/Taipei,771235,8,"Taiwan, Province Of China"
Shangyu,30.01556,120.87111,CN,Asia/Shanghai,770000,8,China,
Lodz,51.75,19.46667,PL,Europe/Warsaw,768755,1,Poland,
Ad Dammam,26.43442,50.10326,SA,Asia/Riyadh,768602,3,Saudi Arabia,
Xining,36.61667,101.76667,CN,Asia/Chongqing,767531,8,China,
Kahriz,34.3838,47.0553,IR,Asia/Tehran,766706,3.5,"Iran, Islamic Republic Of"
Natal,-5.795,-35.20944,BR,America/Fortaleza,763043,-3,Brazil,
Qinhuangdao,39.93167,119.58833,CN,Asia/Shanghai,759718,8,China,
Hengyang,26.88806,112.615,CN,Asia/Shanghai,759602,8,China,
Antalya,36.90812,30.69556,TR,Europe/Istanbul,758188,2,Turkey,
Krakow,50.08333,19.91667,PL,Europe/Warsaw,755050,1,Poland,
Turan,16.06778,108.22083,VN,Asia/Ho_Chi_Minh,752493,7,Viet Nam,
Pietermaritzburg,-29.61678,30.39278,ZA,Africa/Johannesburg,750845,2,South Africa,
Lome,6.13748,1.21227,TG,Africa/Lome,749700,0,Togo,
Trujillo,-8.11599,-79.02998,PE,America/Lima,747450,-5,Peru,
Malang,-7.9797,112.6304,ID,Asia/Jakarta,746716,7,Indonesia,
Ciudad Guayana,8.35122,-62.64102,VE,America/Caracas,746535,-4.5,"Venezuela, Bolivarian Republic Of"
Kigali,-1.94995,30.05885,RW,Africa/Kigali,745261,2,Rwanda,
Teresina,-5.08917,-42.80194,BR,America/Fortaleza,744512,-3,Brazil,
Xinxiang,35.30889,113.86722,CN,Asia/Shanghai,743601,8,China,
Sao Bernardo do Campo,-23.69389,-46.565,BR,America/Sao_Paulo,743372,-3,Brazil,
Hegang,47.4,130.36667,CN,Asia/Harbin,743307,8,China,
Riga,56.946,24.10589,LV,Europe/Riga,742572,2,Latvia,
Amsterdam,52.37403,4.88969,NL,Europe/Amsterdam,741636,1,Netherlands,
Fort Worth,32.72541,-97.32085,US,America/Chicago,741206,-6,United States,
Oyo,7.85,3.93333,NG,Africa/Lagos,736072,1,Nigeria,
Quetta,30.199,67.00971,PK,Asia/Karachi,733675,5,Pakistan,
Charlotte,35.22709,-80.84313,US,America/New_York,731424,-5,United States,
Campo Grande,-20.44278,-54.64639,BR,America/Campo_Grande,729151,-4,Brazil,
Athens,37.97945,23.71622,GR,Europe/Athens,729137,2,Greece,
Ashgabat,37.95,58.38333,TM,Asia/Ashgabat,727700,5,Turkmenistan,
Guadalupe,25.68333,-100.25,MX,America/Monterrey,724921,-6,Mexico,
Bagcilar,41.03903,28.85671,TR,Europe/Istanbul,724270,2,Turkey,
As Sulaymaniyah,35.56496,45.4329,IQ,Asia/Baghdad,723170,3,Iraq,
Cucuta,7.89391,-72.50782,CO,America/Bogota,721398,-5,Colombia,
N'Djamena,12.10672,15.0444,TD,Africa/Ndjamena,721081,1,Chad,
Langfang,39.50972,116.69472,CN,Asia/Shanghai,720119,8,China,
Ningbo,29.87819,121.54945,CN,Asia/Shanghai,719867,8,China,
Yantai,37.53333,121.4,CN,Asia/Shanghai,719332,8,China,
L'viv,49.83826,24.02324,UA,Europe/Kiev,717803,2,Ukraine,
Merida,20.96667,-89.61667,MX,America/Merida,717175,-6,Mexico,
Tlalnepantla,19.52694,-99.22167,MX,America/Mexico_City,715767,-6,Mexico,
Jerusalem,31.76904,35.21633,IL,Asia/Jerusalem,714000,2,Israel,
Detroit,42.33143,-83.04575,US,America/Detroit,713777,-5,United States,
Edmonton,53.55014,-113.46871,CA,America/Edmonton,712391,-7,Canada,
Jeonju,35.82194,127.14889,KR,Asia/Seoul,711424,9,"Korea, Republic Of"
Zhuzhou,27.83333,113.15,CN,Asia/Shanghai,709358,8,China,
Chihuahua,28.63333,-106.08333,MX,America/Chihuahua,708267,-7,Mexico,
Alvaro Obregon,19.37333,-99.225,MX,America/Mexico_City,706567,-6,Mexico,
Pekanbaru,0.53333,101.45,ID,Asia/Jakarta,703956,7,Indonesia,
Sevilla,37.38241,-5.97613,ES,Europe/Madrid,703206,1,Spain,
Tol'yatti,53.5303,49.3461,RU,Europe/Samara,702879,4,Russian Federation,
Jaboatao,-8.18028,-35.00139,BR,America/Recife,702621,-3,Brazil,
Shizuoka-shi,34.97694,138.38306,JP,Asia/Tokyo,701561,9,Japan,
Rajshahi,24.36667,88.6,BD,Asia/Dhaka,700133,6,Bangladesh,
City of Balikpapan,-1.24204,116.89419,ID,Asia/Makassar,700000,8,Indonesia,
Changzhi,35.20889,111.73861,CN,Asia/Shanghai,699514,8,China,
Bulawayo,-20.15,28.58333,ZW,Africa/Harare,699385,2,Zimbabwe,
Zagreb,45.81444,15.97798,HR,Europe/Zagreb,698966,1,Croatia,
Agadir,30.42018,-9.59815,MA,Africa/Casablanca,698310,0,Morocco,
Sarajevo,43.84864,18.35644,BA,Europe/Sarajevo,696731,1,Bosnia And Herzegovina,
La Plata,-34.92145,-57.95453,AR,America/Argentina/Buenos_Aires,694167,-3,Argentina,
Tunis,36.81897,10.16579,TN,Africa/Tunis,693210,1,Tunisia,
Zhangjiakou,40.81,114.87944,CN,Asia/Shanghai,692602,8,China,
Cotonou,6.36536,2.41833,BJ,Africa/Porto-Novo,690584,1,Benin,
Zigong,29.34162,104.77689,CN,Asia/Chongqing,689961,8,China,
Fuxin,42.01556,121.65889,CN,Asia/Shanghai,689050,8,China,
Enugu,6.4402,7.4943,NG,Africa/Lagos,688862,1,Nigeria,
Tangier,35.76727,-5.79975,MA,Africa/Casablanca,688356,0,Morocco,
Huangshi,30.20417,115.07761,CN,Asia/Shanghai,688090,8,China,
Liaoyang,41.27194,123.17306,CN,Asia/Shanghai,687890,8,China,
Nerima,35.73333,139.65,JP,Asia/Tokyo,686237,9,Japan,
Kumamoto-shi,32.78972,130.74167,JP,Asia/Tokyo,680423,9,Japan,
General Santos,6.11278,125.17167,PH,Asia/Manila,679588,8,Philippines,
Osasco,-23.5325,-46.79167,BR,America/Sao_Paulo,677856,-3,Brazil,
San Luis Potosi,22.15,-100.98333,MX,America/Mexico_City,677704,-6,Mexico,
Zaragoza,41.65606,-0.87734,ES,Europe/Madrid,674317,1,Spain,
Xiangtan,27.85,112.9,CN,Asia/Shanghai,674189,8,China,
Ipoh,4.5841,101.0829,MY,Asia/Kuala_Lumpur,673318,8,Malaysia,
Palermo,38.11582,13.35976,IT,Europe/Rome,672175,1,Italy,
Zibo,36.79056,118.06333,CN,Asia/Shanghai,669770,8,China,
Mississauga,43.5789,-79.6583,CA,America/Toronto,668549,-5,Canada,
Puyang,35.70278,115.00528,CN,Asia/Shanghai,666322,8,China,
Nantong,32.03028,120.87472,CN,Asia/Shanghai,666251,8,China,
Mudanjiang,44.58333,129.6,CN,Asia/Harbin,665915,8,China,
Santo Andre,-23.66389,-46.53833,BR,America/Sao_Paulo,662373,-3,Brazil,
Nouakchott,18.08581,-15.9785,MR,Africa/Nouakchott,661400,0,Mauritania,
Pointe-Noire,-4.77609,11.86352,CG,Africa/Brazzaville,659084,1,Congo,
Aguascalientes,21.88333,-102.3,MX,America/Mexico_City,658179,-6,Mexico,
Kryvyy Rih,47.90966,33.38044,UA,Europe/Kiev,652380,2,Ukraine,
Acapulco de Juarez,16.86336,-99.8901,MX,America/Mexico_City,652136,-6,Mexico,
Joao Pessoa,-7.115,-34.86306,BR,America/Fortaleza,650883,-3,Brazil,
Ansan,37.32361,126.82194,KR,Asia/Seoul,650728,9,"Korea, Republic Of"
Benghazi,32.11667,20.06667,LY,Africa/Tripoli,650629,2,Libya,
Frankfurt am Main,50.11667,8.68333,DE,Europe/Berlin,650000,1,Germany,
Krasnodar,45.0488,38.9725,RU,Europe/Moscow,649851,4,Russian Federation,
Guilin,25.28194,110.28639,CN,Asia/Chongqing,649352,8,China,
El Paso,31.75872,-106.48693,US,America/Denver,649121,-7,United States,
Sagamihara,35.55306,139.35444,JP,Asia/Tokyo,648801,9,Japan,
Colombo,6.93194,79.84778,LK,Asia/Colombo,648034,5.5,Sri Lanka,
Memphis,35.14953,-90.04898,US,America/Chicago,646889,-6,United States,
Lilongwe,-13.96692,33.78725,MW,Africa/Blantyre,646750,2,Malawi,
Oran,35.69111,-0.64167,DZ,Africa/Algiers,645984,1,Algeria,
Diyarbakir,37.91583,40.21889,TR,Europe/Istanbul,644763,2,Turkey,
Taguig,14.5243,121.0792,PH,Asia/Manila,644473,8,Philippines,
New South Memphis,35.08676,-90.05676,US,America/Chicago,641608,-6,United States,
Ul'yanovsk,54.32824,48.38657,RU,Europe/Moscow,640680,4,Russian Federation,
Kotli,33.51667,73.91667,PK,Asia/Karachi,640000,5,Pakistan,
Okayama-shi,34.66167,133.935,JP,Asia/Tokyo,639652,9,Japan,
Zhanjiang,21.28145,110.34271,CN,Asia/Urumqi,637790,8,China,
Yogyakarta,-7.78278,110.36083,ID,Asia/Jakarta,636660,7,Indonesia,
North York,43.76681,-79.4163,CA,America/Toronto,636000,-5,Canada,
Chisinau,47.00556,28.8575,MD,Europe/Chisinau,635994,2,"Moldova, Republic Of"
Wroclaw,51.1,17.03333,PL,Europe/Warsaw,634893,1,Poland,
Cheongju,36.63722,127.48972,KR,Asia/Seoul,634596,9,"Korea, Republic Of"
Anyang,37.3925,126.92694,KR,Asia/Seoul,634367,9,"Korea, Republic Of"
Zhenjiang,32.21086,119.45508,CN,Asia/Shanghai,632552,8,China,
Winnipeg,49.8844,-97.14704,CA,America/Winnipeg,632063,-6,Canada,
Dandong,40.12917,124.39472,CN,Asia/Shanghai,631973,8,China,
Izhevsk,56.84976,53.20448,RU,Europe/Samara,631038,4,Russian Federation,
Jaboatao dos Guararapes,-8.11278,-35.01472,BR,America/Recife,630008,-3,Brazil,
Shaoguan,24.8,113.58333,CN,Asia/Shanghai,628749,8,China,
Yancheng,33.38556,120.12528,CN,Asia/Shanghai,628441,8,China,
Coyoacan,19.32889,-99.16028,MX,America/Mexico_City,628063,-6,Mexico,
Foshan,23.02677,113.13148,CN,Asia/Shanghai,627348,8,China,
Contagem,-19.93167,-44.05361,BR,America/Sao_Paulo,627123,-3,Brazil,
Panshan,41.18806,122.04944,CN,Asia/Shanghai,625040,8,China,
Djibouti,11.58901,43.14503,DJ,Africa/Djibouti,623891,3,Djibouti,
Saltillo,25.41667,-101,MX,America/Monterrey,621250,-6,Mexico,
Kermanshah,34.31417,47.065,IR,Asia/Tehran,621100,3.5,"Iran, Islamic Republic Of"
Baltimore,39.29038,-76.61219,US,America/New_York,620961,-5,United States,
Al Hudaydah,14.79781,42.95452,YE,Asia/Aden,617871,3,Yemen,
Boston,42.35843,-71.05977,US,America/New_York,617594,-5,United States,
Pasig City,14.58691,121.0614,PH,Asia/Manila,617301,8,Philippines,
Haikou,20.04583,110.34167,CN,Asia/Chongqing,615835,8,China,
Ta`izz,13.57952,44.02091,YE,Asia/Aden,615222,3,Yemen,
Sao Jose dos Campos,-23.17944,-45.88694,BR,America/Sao_Paulo,613764,-3,Brazil,
Taizhou,32.49069,119.90812,CN,Asia/Shanghai,612356,8,China,
Santiago de Queretaro,20.6,-100.38333,MX,America/Mexico_City,611785,-6,Mexico,
Xingtai,37.06306,114.49417,CN,Asia/Shanghai,611739,8,China,
Glasgow,55.86515,-4.25763,GB,Europe/London,610268,0,United Kingdom,
Seattle,47.60621,-122.33207,US,America/Los_Angeles,608660,-8,United States,
Tlalpan,19.28333,-99.16667,MX,America/Mexico_City,607545,-6,Mexico,
Yaroslavl',57.62987,39.87368,RU,Europe/Moscow,606730,4,Russian Federation,
Benoni,-26.18848,28.32078,ZA,Africa/Johannesburg,605344,2,South Africa,
Hamamatsu,34.7,137.73333,JP,Asia/Tokyo,605098,9,Japan,
Jinzhou,41.10778,121.14167,CN,Asia/Shanghai,604269,8,China,
Abu Dhabi,24.46667,54.36667,AE,Asia/Dubai,603492,4,United Arab Emirates,
Haiphong,20.85611,106.68222,VN,Asia/Ho_Chi_Minh,602695,7,Viet Nam,
Genova,44.40632,8.93386,IT,Europe/Rome,601951,1,Italy,
"Washington, D. C.",38.89511,-77.03637,US,America/New_York,601723,-5,United States
Islamabad,33.72148,73.04329,PK,Asia/Karachi,601600,5,Pakistan,
Kirkuk,35.46806,44.39222,IQ,Asia/Baghdad,601433,3,Iraq,
Denver,39.73915,-104.9847,US,America/Denver,600158,-7,United States,
Shuangyashan,46.63611,131.15389,CN,Asia/Harbin,600000,8,China,
Situbondo,-7.70623,114.00976,ID,Asia/Jakarta,600000,7,Indonesia,
Barnaul,53.36056,83.76361,RU,Asia/Omsk,599579,7,Russian Federation,
Rotterdam,51.9225,4.47917,NL,Europe/Amsterdam,598199,1,Netherlands,
Luancheng,37.87917,114.65167,CN,Asia/Shanghai,597130,8,China,
Mexicali,32.65194,-115.46833,MX,America/Tijuana,597099,-8,Mexico,
Hermosillo,29.06667,-110.96667,MX,America/Hermosillo,595811,-7,Mexico,
Milwaukee,43.0389,-87.90647,US,America/Chicago,594833,-6,United States,
Rasht,37.28077,49.58319,IR,Asia/Tehran,594590,3.5,"Iran, Islamic Republic Of"
Abeokuta,7.15,3.35,NG,Africa/Lagos,593100,1,Nigeria,
Essen,51.45657,7.01228,DE,Europe/Berlin,593085,1,Germany,
Kayseri,38.73222,35.48528,TR,Europe/Istanbul,592840,2,Turkey,
Morelia,19.70078,-101.18443,MX,America/Mexico_City,592797,-6,Mexico,
Yingkou,40.66482,122.22833,CN,Asia/Shanghai,591159,8,China,
Abuja,9.06853,7.48375,NG,Africa/Lagos,590400,1,Nigeria,
Zhangzhou,24.51333,117.65556,CN,Asia/Shanghai,589831,8,China,
Stuttgart,48.78232,9.17702,DE,Europe/Berlin,589793,1,Germany,
Dortmund,51.51494,7.466,DE,Europe/Berlin,588462,1,Germany,
Vladivostok,43.10562,131.87353,RU,Asia/Vladivostok,587022,11,Russian Federation,
Irkutsk,52.29778,104.29639,RU,Asia/Irkutsk,586695,9,Russian Federation,
Blantyre,-15.78499,35.00854,MW,Africa/Blantyre,584877,2,Malawi,
New Kingston,18.00747,-76.78319,JM,America/Jamaica,583958,-5,Jamaica,
Portland,45.52345,-122.67621,US,America/Los_Angeles,583776,-8,United States,
Las Vegas,36.17497,-115.13722,US,America/Los_Angeles,583756,-8,United States,
Culiacan,24.79944,-107.38972,MX,America/Mazatlan,582469,-7,Mexico,
Oslo,59.91273,10.74609,NO,Europe/Oslo,580000,1,Norway,
Oklahoma City,35.46756,-97.51643,US,America/Chicago,579999,-6,United States,
Hachioji,35.65583,139.32389,JP,Asia/Tokyo,579399,9,Japan,
Khabarovsk,48.48083,135.09278,RU,Asia/Vladivostok,579000,11,Russian Federation,
Xiamen,24.47979,118.08187,CN,Asia/Shanghai,578337,8,China,
Khabarovsk Vtoroy,48.445,135.1379,RU,Asia/Vladivostok,578303,11,Russian Federation,
Libreville,0.39241,9.45356,GA,Africa/Libreville,578156,1,Gabon,
Kerman,30.28321,57.07879,IR,Asia/Tehran,577514,3.5,"Iran, Islamic Republic Of"
Chiclayo,-6.77361,-79.84167,PE,America/Lima,577375,-5,Peru,
Orumiyeh,37.55274,45.07605,IR,Asia/Tehran,577307,3.5,"Iran, Islamic Republic Of"
Bahcelievler,41.00231,28.8598,TR,Europe/Istanbul,576799,2,Turkey,
Bengbu,32.94083,117.36083,CN,Asia/Shanghai,576648,8,China,
Umraniye,41.01643,29.12476,TR,Europe/Istanbul,573265,2,Turkey,
Dusseldorf,51.22172,6.77616,DE,Europe/Berlin,573057,1,Germany,
Banjarmasin,-3.32442,114.591,ID,Asia/Makassar,572837,8,Indonesia,
Shihezi,44.3,86.03333,CN,Asia/Urumqi,572772,8,China,
Bucaramanga,7.12539,-73.1198,CO,America/Bogota,571820,-5,Colombia,
South Boston,42.33343,-71.04949,US,America/New_York,571281,-5,United States,
Kuching,1.55,110.33333,MY,Asia/Kuching,570407,8,Malaysia,
Poznan,52.40692,16.92993,PL,Europe/Warsaw,570352,1,Poland,
Veracruz,19.2,-96.13333,MX,America/Mexico_City,568313,-6,Mexico,
Malaga,36.72016,-4.42034,ES,Europe/Madrid,568305,1,Spain,
Bouake,7.69385,-5.03031,CI,Africa/Abidjan,567481,0,Côte D'ivoire,
Asmara,15.33333,38.93333,ER,Africa/Asmara,563930,3,Eritrea,
Sokoto,13.06092,5.23902,NG,Africa/Lagos,563861,1,Nigeria,
Uberlandia,-18.91861,-48.27722,BR,America/Sao_Paulo,563536,-3,Brazil,
Onitsha,6.14543,6.78845,NG,Africa/Lagos,561066,1,Nigeria,
Funabashi,35.69306,139.98333,JP,Asia/Tokyo,560743,9,Japan,
Hamhung,39.91833,127.53639,KP,Asia/Pyongyang,559056,9,"Korea, Democratic People's Republic Of"
Sorocaba,-23.50167,-47.45806,BR,America/Sao_Paulo,558862,-3,Brazil,
Helsinki,60.16952,24.93545,FI,Europe/Helsinki,558457,2,Finland,
Santiago de Cuba,20.02472,-75.82194,CU,America/Havana,555865,-5,Cuba,
Siping,43.16333,124.36861,CN,Asia/Harbin,555609,8,China,
Kagoshima-shi,31.56018,130.55814,JP,Asia/Tokyo,555352,9,Japan,
Surakarta,-7.55611,110.83167,ID,Asia/Jakarta,555308,7,Indonesia,
Huaiyin,33.58861,119.01917,CN,Asia/Shanghai,555230,8,China,
Mar del Plata,-38.00228,-57.55754,AR,America/Argentina/Buenos_Aires,553935,-3,Argentina,
Bahawalpur,29.4,71.68333,PK,Asia/Karachi,552607,5,Pakistan,
Zahedan,29.4963,60.8629,IR,Asia/Tehran,551980,3.5,"Iran, Islamic Republic Of"
Ribeirao Preto,-21.1775,-47.81028,BR,America/Sao_Paulo,551267,-3,Brazil,
Aden,12.77944,45.03667,YE,Asia/Aden,550602,3,Yemen,
Orenburg,51.7727,55.0988,RU,Asia/Yekaterinburg,550204,6,Russian Federation,
Changwon,35.22806,128.68111,KR,Asia/Seoul,550000,9,"Korea, Republic Of"
Pristina,42.67272,21.16688,XK,Europe/Belgrade,550000,1,,
Jiamusi,46.83333,130.35,CN,Asia/Harbin,549549,8,China,
Antipolo,14.58639,121.17528,PH,Asia/Manila,549543,8,Philippines,
Neijiang,29.58354,105.06216,CN,Asia/Chongqing,546854,8,China,
Bremen,53.07516,8.80777,DE,Europe/Berlin,546501,1,Germany,
Albuquerque,35.08449,-106.65114,US,America/Denver,545852,-7,United States,
Meknes,33.89352,-5.54727,MA,Africa/Casablanca,545705,0,Morocco,
Matola,-25.96222,32.45889,MZ,Africa/Maputo,543907,2,Mozambique,
Sharjah,25.35731,55.4033,AE,Asia/Dubai,543733,4,United Arab Emirates,
Banqiao,25.01427,121.46719,TW,Asia/Taipei,543342,8,"Taiwan, Province Of China"
Dushanbe,38.53575,68.77905,TJ,Asia/Dushanbe,543107,5,Tajikistan,
Sargodha,32.08361,72.67111,PK,Asia/Karachi,542603,5,Pakistan,
Bangui,4.36122,18.55496,CF,Africa/Bangui,542393,1,Central African Republic,
Vilnius,54.68916,25.2798,LT,Europe/Vilnius,542366,2,Lithuania,
Cancun,21.17429,-86.84656,MX,America/Cancun,542043,-6,Mexico,
Yangzhou,32.39722,119.43583,CN,Asia/Shanghai,539715,8,China,
Novokuznetsk,53.7557,87.1099,RU,Asia/Novokuznetsk,539616,7,Russian Federation,
Kisangani,0.51528,25.19099,CD,Africa/Lubumbashi,539158,2,"Congo, The Democratic Republic Of The"
Port Said,31.25654,32.28412,EG,Africa/Cairo,538378,2,Egypt,
Mercin,36.79526,34.61792,TR,Europe/Istanbul,537842,2,Turkey,
Warri,5.51667,5.75,NG,Africa/Lagos,536023,1,Nigeria,
Guli,28.88333,120.03333,CN,Asia/Shanghai,536000,8,China,
Tanggu,39.02111,117.64694,CN,Asia/Shanghai,535298,8,China,
Jiangmen,22.58333,113.08333,CN,Asia/Shanghai,532419,8,China,
Nashville,36.16589,-86.78444,US,America/Chicago,530852,-6,United States,
Ta'if,21.27028,40.41583,SA,Asia/Riyadh,530848,3,Saudi Arabia,
Beira,-19.84361,34.83889,MZ,Africa/Maputo,530604,2,Mozambique,
Touba,14.85,-15.88333,SN,Africa/Dakar,529176,0,Senegal,
Quebec,46.81228,-71.21454,CA,America/Montreal,528595,-5,Canada,
Hamadan,34.79922,48.51456,IR,Asia/Tehran,528256,3.5,"Iran, Islamic Republic Of"
Cangzhou,38.31667,116.86667,CN,Asia/Shanghai,527681,8,China,
Gold Coast,-28.00029,153.43088,AU,Australia/Brisbane,527660,10,Australia,
San Salvador,13.68935,-89.18718,SV,America/El_Salvador,525990,-6,El Salvador,
Santa Maria Chimalhuacan,19.41667,-98.9,MX,America/Mexico_City,525389,-6,Mexico,
Torreon,25.55,-103.43333,MX,America/Monterrey,524066,-6,Mexico,
Cuiaba,-15.59611,-56.09667,BR,America/Cuiaba,521934,-4,Brazil,
Cuauhtemoc,19.41722,-99.15694,MX,America/Mexico_City,521348,-6,Mexico,
Ciudad Lopez Mateos,19.55833,-99.26139,MX,America/Mexico_City,521034,-6,Mexico,
Petaling Jaya,3.10726,101.60671,MY,Asia/Kuala_Lumpur,520698,8,Malaysia,
Macau,22.20056,113.54611,MO,Asia/Macau,520400,8,Macao,
Esenler,41.0435,28.87619,TR,Europe/Istanbul,520235,2,Turkey,
Ryazan',54.6269,39.6916,RU,Europe/Moscow,520173,4,Russian Federation,
Tucson,32.22174,-110.92648,US,America/Phoenix,520116,-7,United States,
Tyumen',57.15222,65.52722,RU,Asia/Yekaterinburg,519119,6,Russian Federation,
Quilmes,-34.72418,-58.25265,AR,America/Argentina/Buenos_Aires,518788,-3,Argentina,
Lisbon,38.71667,-9.13333,PT,Europe/Lisbon,517802,0,Portugal,
Changde,29.04638,111.6783,CN,Asia/Shanghai,517780,8,China,
Jiaozuo,35.23972,113.23306,CN,Asia/Shanghai,517540,8,China,
Lipetsk,52.60311,39.57076,RU,Europe/Moscow,515655,4,Russian Federation,
Hannover,52.37052,9.73322,DE,Europe/Berlin,515140,1,Germany,
Eskisehir,39.77667,30.52056,TR,Europe/Istanbul,514869,2,Turkey,
Azadshahr,34.79049,48.57011,IR,Asia/Tehran,514102,3.5,"Iran, Islamic Republic Of"
Salta,-24.7859,-65.41166,AR,America/Argentina/Salta,512686,-3,Argentina,
Penza,53.20066,45.00464,RU,Europe/Moscow,512602,4,Russian Federation,
Tembisa,-25.99636,28.2268,ZA,Africa/Johannesburg,511655,2,South Africa,
Mykolayiv,46.96591,31.9974,UA,Europe/Kiev,510840,2,Ukraine,
Aparecida de Goiania,-16.82333,-49.24389,BR,America/Sao_Paulo,510770,-3,Brazil,
Puente Alto,-33.61667,-70.58333,CL,America/Santiago,510417,-4,Chile,
Makati City,14.55027,121.03269,PH,Asia/Manila,510383,8,Philippines,
Naberezhnyye Chelny,55.72545,52.41122,RU,Europe/Moscow,509870,4,Russian Federation,
San Nicolas de los Garza,25.75,-100.3,MX,America/Monterrey,507816,-6,Mexico,
Wuhu,31.33657,118.37548,CN,Asia/Shanghai,507524,8,China,
Toluca,19.28833,-99.66722,MX,America/Mexico_City,505881,-6,Mexico,
Niigata-shi,37.90222,139.02361,JP,Asia/Tokyo,505272,9,Japan,
Leipzig,51.33962,12.37129,DE,Europe/Berlin,504971,1,Germany,
Hamilton,43.23341,-79.94964,CA,America/Toronto,504559,-5,Canada,
Duisburg,51.43247,6.76516,DE,Europe/Berlin,504358,1,Germany,
Goeteborg,57.70716,11.96679,SE,Europe/Stockholm,504084,1,Sweden,
Arak,34.09174,49.68916,IR,Asia/Tehran,503647,3.5,"Iran, Islamic Republic Of"
Astrakhan',46.34968,48.04076,RU,Europe/Volgograd,502533,4,Russian Federation,
Zhuhai,22.27694,113.56778,CN,Asia/Shanghai,501199,8,China,
Hoko,36.03222,129.365,KR,Asia/Seoul,500000,9,"Korea, Republic Of"
Nuremberg,49.44778,11.06833,DE,Europe/Berlin,499237,1,Germany,
Shashi,30.30722,112.24472,CN,Asia/Shanghai,498780,8,China,
Reynosa,26.08333,-98.28333,MX,America/Matamoros,498654,-6,Mexico,
Makhachkala,42.97638,47.50236,RU,Europe/Moscow,497959,4,Russian Federation,
Newcastle,-32.92715,151.77647,AU,Australia/Sydney,497955,10,Australia,
Fresno,36.74773,-119.77237,US,America/Los_Angeles,494665,-8,United States,
Cimahi,-6.87222,107.5425,ID,Asia/Jakarta,493698,7,Indonesia,
Tlaquepaque,20.6409,-103.29327,MX,America/Mexico_City,493646,-6,Mexico,
Aracaju,-10.91111,-37.07167,BR,America/Maceio,490175,-3,Brazil,
Port Sudan,19.61745,37.21644,SD,Africa/Khartoum,489725,3,Sudan,
Santa Fe de la Vera Cruz,-31.63333,-60.7,AR,America/Argentina/Cordoba,489505,-3,Argentina,
San Pedro Sula,15.5,-88.03333,HN,America/Tegucigalpa,489466,-6,Honduras,
Suez,29.97371,32.52627,EG,Africa/Cairo,488125,2,Egypt,
Dresden,51.05089,13.73832,DE,Europe/Berlin,486854,1,Germany,
Tomsk,56.4989,84.9762,RU,Asia/Novosibirsk,485519,7,Russian Federation,
Masina,-4.38361,15.39139,CD,Africa/Kinshasa,485167,1,"Congo, The Democratic Republic Of The"
An Najaf al Ashraf,31.9892,44.3291,IQ,Asia/Baghdad,482576,3,Iraq,
Feira de Santana,-12.26667,-38.96667,BR,America/Bahia,481911,-3,Brazil,
Shah Alam,3.08507,101.53281,MY,Asia/Kuala_Lumpur,481654,8,Malaysia,
Mariupol',47.06667,37.5,UA,Europe/Kiev,481626,2,Ukraine,
Himeji,34.81667,134.7,JP,Asia/Tokyo,481493,9,Japan,
Tuxtla Gutierrez,16.75,-93.11667,MX,America/Mexico_City,481128,-6,Mexico,
Homyel',52.4345,30.9754,BY,Europe/Minsk,480951,3,Belarus,
Vijongbu,37.7415,127.0474,KR,Asia/Seoul,479141,9,"Korea, Republic Of"
East London,-33.01529,27.91162,ZA,Africa/Johannesburg,478676,2,South Africa,
Yazd,31.89722,54.3675,IR,Asia/Tehran,477905,3.5,"Iran, Islamic Republic Of"
Hargeysa,9.56,44.065,SO,Africa/Mogadishu,477876,3,Somalia,
Sialkot,32.5101,74.54313,PK,Asia/Karachi,477396,5,Pakistan,
Kemerovo,55.33333,86.08333,RU,Asia/Novokuznetsk,477090,7,Russian Federation,
Yichang,30.71444,111.28472,CN,Asia/Shanghai,476725,8,China,
Hwaseong,37.20682,126.8169,KR,Asia/Seoul,476297,9,"Korea, Republic Of"
Cuautitlan Izcalli,19.64694,-99.24667,MX,America/Mexico_City,475179,-6,Mexico,
Yinchuan,38.46806,106.27306,CN,Asia/Chongqing,475101,8,China,
Skopje,42,21.43333,MK,Europe/Skopje,474889,1,"Macedonia, The Former Yugoslav Republic Of"
Vereeniging,-26.67313,27.92615,ZA,Africa/Johannesburg,474681,2,South Africa,
Den Haag,52.07667,4.29861,NL,Europe/Amsterdam,474292,1,Netherlands,
Mixco,14.63333,-90.60639,GT,America/Guatemala,473080,-6,Guatemala,
Lyon,45.74846,4.84671,FR,Europe/Paris,472317,1,France,
Londrina,-23.31028,-51.16278,BR,America/Sao_Paulo,471832,-3,Brazil,
Jiaojiang,28.68028,121.44278,CN,Asia/Shanghai,470804,8,China,
Matsudo,35.78333,139.9,JP,Asia/Tokyo,470277,9,Japan,
Juiz de Fora,-21.76417,-43.35028,BR,America/Sao_Paulo,470193,-3,Brazil,
Liverpool,53.41058,-2.97794,GB,Europe/London,468945,0,United Kingdom,
Nishinomiya,34.71667,135.33333,JP,Asia/Tokyo,468925,9,Japan,
Tula,54.20213,37.64429,RU,Europe/Moscow,468825,4,Russian Federation,
Staten Island,40.56233,-74.13986,US,America/New_York,468730,-5,United States,
Kawaguchi,35.805,139.72056,JP,Asia/Tokyo,468565,9,Japan,
Sacramento,38.58157,-121.4944,US,America/Los_Angeles,466488,-8,United States,
Zunyi,27.68667,106.90722,CN,Asia/Chongqing,466292,8,China,
Jiaxing,30.7522,120.75,CN,Asia/Shanghai,466101,8,China,
Belford Roxo,-22.76417,-43.39944,BR,America/Sao_Paulo,466096,-3,Brazil,
Liaoyuan,42.90361,125.13583,CN,Asia/Harbin,465249,8,China,
Kananga,-5.89624,22.41659,CD,Africa/Lubumbashi,463546,2,"Congo, The Democratic Republic Of The"
Bloemfontein,-29.12106,26.214,ZA,Africa/Johannesburg,463064,2,South Africa,
Xiangyang,32.0422,112.14479,CN,Asia/Shanghai,462956,8,China,
Long Beach,33.76696,-118.18923,US,America/Los_Angeles,462257,-8,United States,
Gdansk,54.35205,18.64637,PL,Europe/Warsaw,461865,1,Poland,
Calabar,4.9517,8.322,NG,Africa/Lagos,461796,1,Nigeria,
Dadukou,26.5479,101.70539,CN,Asia/Chongqing,461513,8,China,
Joinville,-26.30444,-48.84556,BR,America/Sao_Paulo,461304,-3,Brazil,
Hamah,35.13179,36.75783,SY,Asia/Damascus,460602,2,Syrian Arab Republic,
Antwerpen,51.21989,4.40346,BE,Europe/Brussels,459805,1,Belgium,
Kansas City,39.09973,-94.57857,US,America/Chicago,459787,-6,United States,
Kanazawa-shi,36.59444,136.62556,JP,Asia/Tokyo,458937,9,Japan,
Ichikawa,35.71972,139.92472,JP,Asia/Tokyo,458240,9,Japan,
Karabaglar,38.37396,27.1352,TR,Europe/Istanbul,458000,2,Turkey,
Zamboanga,6.91028,122.07389,PH,Asia/Manila,457623,8,Philippines,
Kirov,58.59665,49.66007,RU,Europe/Volgograd,457383,4,Russian Federation,
Kota Kinabalu,5.9749,116.0724,MY,Asia/Kuching,457326,8,Malaysia,
Durango,24.03333,-104.66667,MX,America/Monterrey,457140,-6,Mexico,
Niteroi,-22.88333,-43.10361,BR,America/Sao_Paulo,456456,-3,Brazil,
Hengshui,37.73222,115.70111,CN,Asia/Shanghai,456356,8,China,
Tabuk,28.38333,36.58333,SA,Asia/Riyadh,455450,3,Saudi Arabia,
Pontianak,-0.03333,109.33333,ID,Asia/Pontianak,455173,7,Indonesia,
Leeds,53.79648,-1.54785,GB,Europe/London,455123,0,United Kingdom,
Namp'o,38.7375,125.40778,KP,Asia/Pyongyang,455000,9,"Korea, Democratic People's Republic Of"
Bacolod City,10.66667,122.95,PH,Asia/Manila,454898,8,Philippines,
Sao Joao de Meriti,-22.80389,-43.37222,BR,America/Sao_Paulo,454849,-3,Brazil,
Mansilingan,10.63111,122.97889,PH,Asia/Manila,454150,8,Philippines,
Luhans'k,48.56705,39.31706,UA,Europe/Zaporozhye,452000,2,Ukraine,
Manado,1.487,124.8455,ID,Asia/Makassar,451893,8,Indonesia,
Karagandy,49.83333,73.1658,KZ,Asia/Almaty,451800,6,Kazakhstan,
Jining,35.405,116.58139,CN,Asia/Shanghai,450327,8,China,
Constantine,36.365,6.61472,DZ,Africa/Algiers,450097,1,Algeria,
Utsunomiya-shi,36.56583,139.88361,JP,Asia/Tokyo,449865,9,Japan,
Sanliurfa,37.16708,38.79392,TR,Europe/Istanbul,449549,2,Turkey,
Chengde,40.9725,117.93611,CN,Asia/Shanghai,449325,8,China,
Xuchang,34.01667,113.81667,CN,Asia/Shanghai,449258,8,China,
Oita-shi,33.23806,131.6125,JP,Asia/Tokyo,448907,9,Japan,
Venustiano Carranza,19.43,-99.09917,MX,America/Mexico_City,447459,-6,Mexico,
San Juan,-31.5375,-68.53639,AR,America/Argentina/San_Juan,447048,-3,Argentina,
Sheffield,53.38297,-1.4659,GB,Europe/London,447047,0,United Kingdom,
Cheboksary,56.13222,47.25194,RU,Europe/Moscow,446781,4,Russian Federation,
Boksburg,-26.21197,28.25958,ZA,Africa/Johannesburg,445168,2,South Africa,
Cagayan de Oro,8.48222,124.64722,PH,Asia/Manila,445103,8,Philippines,
Matsuyama-shi,33.83916,132.76574,JP,Asia/Tokyo,443322,9,Japan,
Amagasaki,34.71667,135.41667,JP,Asia/Tokyo,442173,9,Japan,
Carrefour,18.54114,-72.39922,HT,America/Port-au-Prince,442156,-5,Haiti,
Dasmarinas,14.32944,120.93667,PH,Asia/Manila,441876,8,Philippines,
Malatya,38.35018,38.31667,TR,Europe/Istanbul,441805,2,Turkey,
Pereira,4.81333,-75.69611,CO,America/Bogota,440118,-5,Colombia,
Mesa,33.42227,-111.82264,US,America/Phoenix,439041,-7,United States,
Mawlamyine,16.49139,97.62556,MM,Asia/Rangoon,438861,6.5,Myanmar,
Virginia Beach,36.85293,-75.97798,US,America/New_York,437994,-5,United States,
Iquitos,-3.74806,-73.24722,PE,America/Lima,437620,-5,Peru,
Kurashiki,34.58333,133.76667,JP,Asia/Tokyo,437581,9,Japan,
Sultangazi,41.10652,28.86847,TR,Europe/Istanbul,436935,2,Turkey,
Garoua,9.3,13.4,CM,Africa/Douala,436899,1,Cameroon,
Murcia,37.98704,-1.13004,ES,Europe/Madrid,436870,1,Spain,
Mwanza,-2.51667,32.9,TZ,Africa/Dar_es_Salaam,436801,3,"Tanzania, United Republic Of"
Edinburgh,55.95206,-3.19648,GB,Europe/London,435791,0,United Kingdom,
Kousseri,12.07689,15.03063,CM,Africa/Douala,435547,1,Cameroon,
Heroica Matamoros,25.88333,-97.5,MX,America/Matamoros,435145,-6,Mexico,
Kaliningrad,54.70649,20.51095,RU,Europe/Kaliningrad,434954,3,Russian Federation,
Karbala,32.61603,44.02488,IQ,Asia/Baghdad,434450,3,Iraq,
Ananindeua,-1.36556,-48.37222,BR,America/Belem,433956,-3,Brazil,
Balikpapan,-1.26753,116.82887,ID,Asia/Makassar,433866,8,Indonesia,
Brampton,43.68341,-79.76633,CA,America/Toronto,433806,-5,Canada,
Toulouse,43.60426,1.44367,FR,Europe/Paris,433055,1,France,
Namangan,40.9983,71.67257,UZ,Asia/Tashkent,432456,5,Uzbekistan,
Katsina,12.98943,7.60063,NG,Africa/Lagos,432149,1,Nigeria,
Welkom,-27.98644,26.70661,ZA,Africa/Johannesburg,431944,2,South Africa,
Santa Marta,11.24079,-74.19904,CO,America/Bogota,431781,-5,Colombia,
Al Mahallah al Kubra,30.9745,31.16499,EG,Africa/Cairo,431052,2,Egypt,
Bristol,51.45523,-2.59665,GB,Europe/London,430713,0,United Kingdom,
Yokosuka,35.28361,139.66722,JP,Asia/Tokyo,428992,9,Japan,
East Jerusalem,31.78336,35.23388,PS,Asia/Hebron,428304,2,"Palestinian Territory, Occupied"
Luqiao,28.58084,121.37715,CN,Asia/Shanghai,427890,8,China,
Bryansk,53.25209,34.37167,RU,Europe/Moscow,427236,4,Russian Federation,
Maltepe,40.93567,29.15507,TR,Europe/Istanbul,427040,2,Turkey,
Azcapotzalco,19.48698,-99.18594,MX,America/Mexico_City,425298,-6,Mexico,
Xalapa de Enriquez,19.53333,-96.91667,MX,America/Mexico_City,425148,-6,Mexico,
Barcelona,10.13333,-64.7,VE,America/Caracas,424795,-4.5,"Venezuela, Bolivarian Republic Of"
Chaozhou,23.66513,116.63786,CN,Asia/Shanghai,424787,8,China,
Bratislava,48.14816,17.10674,SK,Europe/Bratislava,423737,1,Slovakia,
Likasi,-10.98139,26.73333,CD,Africa/Lubumbashi,422414,2,"Congo, The Democratic Republic Of The"
Luxor,25.69893,32.6421,EG,Africa/Cairo,422407,2,Egypt,
Ibague,4.43889,-75.23222,CO,America/Bogota,421685,-5,Colombia,
Shaoxing,30.01102,120.57153,CN,Asia/Shanghai,421283,8,China,
Ivanovo,56.99719,40.97139,RU,Europe/Moscow,420839,4,Russian Federation,
Erzurum,39.90861,41.27694,TR,Europe/Istanbul,420691,2,Turkey,
Akure,7.25256,5.19312,NG,Africa/Lagos,420594,1,Nigeria,
Asyut,27.18096,31.18368,EG,Africa/Cairo,420585,2,Egypt,
Jambi,-1.6,103.61667,ID,Asia/Jakarta,420323,7,Indonesia,
Al Mansurah,31.03637,31.38069,EG,Africa/Cairo,420195,2,Egypt,
Atlanta,33.749,-84.38798,US,America/New_York,420003,-5,United States,
San Juan,18.46633,-66.10572,PR,America/Puerto_Rico,418140,-4,Puerto Rico,
Kolwezi,-10.71484,25.46674,CD,Africa/Lubumbashi,418000,2,"Congo, The Democratic Republic Of The"
Auckland,-36.86667,174.76667,NZ,Pacific/Auckland,417910,12,New Zealand,
Sukkur,27.70516,68.85738,PK,Asia/Karachi,417767,5,Pakistan,
Luohe,33.57167,114.03528,CN,Asia/Shanghai,417356,8,China,
Colorado Springs,38.83388,-104.82136,US,America/Denver,416427,-7,United States,
Shymkent,42.3,69.6,KZ,Asia/Almaty,414032,6,Kazakhstan,
Yangquan,37.8575,113.56333,CN,Asia/Shanghai,413394,8,China,
Magnitogorsk,53.41861,59.04722,RU,Asia/Yekaterinburg,413351,6,Russian Federation,
Florianopolis,-27.59667,-48.54917,BR,America/Sao_Paulo,412724,-3,Brazil,
Wandsbek,53.56667,10.1,DE,Europe/Berlin,411422,1,Germany,
Santos,-23.96083,-46.33361,BR,America/Sao_Paulo,411403,-3,Brazil,
Maturin,9.75,-63.17667,VE,America/Caracas,410972,-4.5,"Venezuela, Bolivarian Republic Of"
Ardabil,38.2498,48.2933,IR,Asia/Tehran,410753,3.5,"Iran, Islamic Republic Of"
Nagasaki-shi,32.74472,129.87361,JP,Asia/Tokyo,410204,9,Japan,
Chaoyang,41.57028,120.45861,CN,Asia/Shanghai,410005,8,China,
Gaza,31.5,34.46667,PS,Asia/Gaza,410000,2,"Palestinian Territory, Occupied"
Kursk,51.73733,36.18735,RU,Europe/Moscow,409431,4,Russian Federation,
Kitchener,43.42537,-80.5112,CA,America/Toronto,409112,-5,Canada,
Omaha,41.25861,-95.93779,US,America/Chicago,408958,-6,United States,
Al `Ayn,24.19167,55.76056,AE,Asia/Dubai,408733,4,United Arab Emirates,
Jeju,33.50972,126.52194,KR,Asia/Seoul,408364,9,"Korea, Republic Of"
Panama,8.9936,-79.51973,PA,America/Panama,408168,-5,Panama,
Shiyan,32.56667,110.78333,CN,Asia/Shanghai,408055,8,China,
Szczecin,53.42894,14.55302,PL,Europe/Warsaw,407811,1,Poland,
Bien Hoa,10.95,106.81667,VN,Asia/Ho_Chi_Minh,407208,7,Viet Nam,
Villa Nueva,14.52694,-90.5875,GT,America/Guatemala,406830,-6,Guatemala,
Ribeirao das Neves,-19.76694,-44.08667,BR,America/Sao_Paulo,406802,-3,Brazil,
Hirakata,34.81352,135.64914,JP,Asia/Tokyo,406331,9,Japan,
Denpasar,-8.65,115.21667,ID,Asia/Makassar,405923,8,Indonesia,
Oujda,34.68052,-1.90764,MA,Africa/Casablanca,405253,0,Morocco,
Tanda,30.78847,31.00192,EG,Africa/Cairo,404901,2,Egypt,
Newcastle,-27.75796,29.9318,ZA,Africa/Johannesburg,404838,2,South Africa,
Xochimilco,19.26222,-99.1075,MX,America/Mexico_City,404458,-6,Mexico,
Hsinchu,24.80361,120.96861,TW,Asia/Taipei,404109,8,"Taiwan, Province Of China"
Raleigh,35.7721,-78.63861,US,America/New_York,403892,-5,United States,
Jixi,45.3,130.96667,CN,Asia/Harbin,403759,8,China,
Zanzibar,-6.16394,39.19793,TZ,Africa/Dar_es_Salaam,403658,3,"Tanzania, United Republic Of"
Taoyuan City,24.99368,121.29696,TW,Asia/Taipei,402014,8,"Taiwan, Province Of China"
Tonala,20.62445,-103.23423,MX,America/Mexico_City,401509,-6,Mexico,
Kassala,15.45099,36.39998,SD,Africa/Khartoum,401477,3,Sudan,
Palma,39.56939,2.65024,ES,Europe/Madrid,401270,1,Spain,
Kitwe,-12.80243,28.21323,ZM,Africa/Lusaka,400914,2,Zambia,
An Nasiriyah,31.05799,46.25726,IQ,Asia/Baghdad,400249,3,Iraq,
Tver',56.86049,35.87603,RU,Europe/Moscow,400212,4,Russian Federation,
West Jerusalem,31.78199,35.21961,IL,Asia/Jerusalem,400000,2,Israel,
Machida,35.54028,139.45083,JP,Asia/Tokyo,399969,9,Japan,
Yangjiang,21.85,111.96667,CN,Asia/Chongqing,399735,8,China,
Miami,25.77427,-80.19366,US,America/New_York,399457,-5,United States,
Khmel'nyts'kyy,49.42161,26.99653,UA,Europe/Kiev,398346,2,Ukraine,
Gifu-shi,35.42291,136.76039,JP,Asia/Tokyo,397714,9,Japan,
Keelung,25.12825,121.7419,TW,Asia/Taipei,397515,8,"Taiwan, Province Of China"
Cleveland,41.4995,-81.69541,US,America/New_York,396815,-5,United States,
Manchester,53.48095,-2.23743,GB,Europe/London,395515,0,United Kingdom,
Iztacalco,19.39667,-99.08472,MX,America/Mexico_City,395025,-6,Mexico,
Surrey,49.10635,-122.82509,CA,America/Vancouver,394976,-8,Canada,
Vila Velha,-20.32972,-40.2925,BR,America/Sao_Paulo,394930,-3,Brazil,
Weifang,36.71,119.10194,CN,Asia/Shanghai,394732,8,China,
Fujisawa,35.34194,139.47,JP,Asia/Tokyo,394624,9,Japan,
Ndola,-12.95867,28.63659,ZM,Africa/Lusaka,394518,2,Zambia,
Serra,-20.12861,-40.30778,BR,America/Sao_Paulo,394153,-3,Brazil,
Samsun,41.28667,36.33,TR,Europe/Istanbul,394050,2,Turkey,
Tallinn,59.43696,24.75353,EE,Europe/Tallinn,394024,2,Estonia,
Bamenda,5.95266,10.15824,CM,Africa/Douala,393835,1,Cameroon,
El Obeid,13.18421,30.21669,SD,Africa/Khartoum,393311,3,Sudan,
Bello,6.33732,-75.55795,CO,America/Bogota,392939,-5,Colombia,
Xinpu,34.59972,119.15944,CN,Asia/Shanghai,392444,8,China,
Sandakan,5.8402,118.1179,MY,Asia/Kuching,392288,8,Malaysia,
Tulsa,36.15398,-95.99278,US,America/Chicago,391906,-6,United States,
Buraydah,26.32599,43.97497,SA,Asia/Riyadh,391336,3,Saudi Arabia,
Kandahar,31.61332,65.71013,AF,Asia/Kabul,391190,4.5,Afghanistan,
Oakland,37.80437,-122.2708,US,America/Los_Angeles,390724,-8,United States,
Diadema,-23.68611,-46.62278,BR,America/Sao_Paulo,390633,-3,Brazil,
Dongguan,23.04889,113.74472,CN,Asia/Shanghai,390219,8,China,
Comilla,23.46186,91.18504,BD,Asia/Dhaka,389411,6,Bangladesh,
Samut Prakan,13.59934,100.59675,TH,Asia/Bangkok,388920,7,Thailand,
Nampula,-15.11646,39.2666,MZ,Africa/Maputo,388526,2,Mozambique,
Bissau,11.86357,-15.59767,GW,Africa/Bissau,388028,0,Guinea-Bissau,
Iloilo,10.69694,122.56444,PH,Asia/Manila,387681,8,Philippines,
Khamis Mushayt,18.30639,42.72917,SA,Asia/Riyadh,387553,3,Saudi Arabia,
Campos,-21.75,-41.3,BR,America/Sao_Paulo,387417,-3,Brazil,
Resistencia,-27.46056,-58.98389,AR,America/Argentina/Cordoba,387158,-3,Argentina,
Misratah,32.37535,15.09254,LY,Africa/Tripoli,386120,2,Libya,
Maua,-23.66778,-46.46139,BR,America/Sao_Paulo,386069,-3,Brazil,
Abomey-Calavi,6.44852,2.35566,BJ,Africa/Porto-Novo,385755,1,Benin,
Bochum,51.48165,7.21648,DE,Europe/Berlin,385729,1,Germany,
Toyonaka,34.78244,135.46932,JP,Asia/Tokyo,384459,9,Japan,
Betim,-19.96778,-44.19833,BR,America/Sao_Paulo,384000,-3,Brazil,
Fukuyama,34.48333,133.36667,JP,Asia/Tokyo,383298,9,Japan,
Delmas 73,18.54472,-72.30278,HT,America/Port-au-Prince,382920,-5,Haiti,
Minneapolis,44.97997,-93.26384,US,America/Chicago,382578,-6,United States,
Wichita,37.69224,-97.33754,US,America/Chicago,382368,-6,United States,
Pasto,1.21361,-77.28111,CO,America/Bogota,382236,-5,Colombia,
Wellington,-41.28664,174.77557,NZ,Pacific/Auckland,381900,12,New Zealand,
Las Palmas de Gran Canaria,28.09973,-15.41343,ES,Atlantic/Canary,381847,0,Spain,
Caxias do Sul,-29.16806,-51.17944,BR,America/Sao_Paulo,381270,-3,Brazil,
Nizhniy Tagil,57.91944,59.965,RU,Asia/Yekaterinburg,381116,6,Russian Federation,
Bochum-Hordel,51.50168,7.1756,DE,Europe/Berlin,380000,1,Germany,
Dezhou,37.44861,116.2925,CN,Asia/Shanghai,379555,8,China,
Sevastopol',44.58883,33.5224,UA,Europe/Simferopol,379200,2,Ukraine,
Krugersdorp,-26.08577,27.77515,ZA,Africa/Johannesburg,378821,2,South Africa,
Toyohashi,34.76667,137.38333,JP,Asia/Tokyo,378374,9,Japan,
Zhoukou,33.63333,114.63333,CN,Asia/Shanghai,377061,8,China,
Laval,45.56995,-73.692,CA,America/Montreal,376845,-5,Canada,
Huancayo,-12.06667,-75.23333,PE,America/Lima,376657,-5,Peru,
Makiyivka,48.04782,37.92576,UA,Europe/Kiev,376610,2,Ukraine,
Putian,25.43944,119.01028,CN,Asia/Shanghai,376558,8,China,
Kahramanmaras,37.5847,36.9264,TR,Europe/Istanbul,376045,2,Turkey,
Shimminatocho,34.18333,135.2,JP,Asia/Tokyo,375339,9,Japan,
Tirana,41.3275,19.81889,AL,Europe/Tirane,374801,1,Albania,
Sao Jose do Rio Preto,-20.81972,-49.37944,BR,America/Sao_Paulo,374699,-3,Brazil,
Kaunas,54.9,23.9,LT,Europe/Vilnius,374643,2,Lithuania,
Xuanhua,40.61028,115.04472,CN,Asia/Shanghai,373422,8,China,
Seremban,2.7297,101.9381,MY,Asia/Kuala_Lumpur,372917,8,Malaysia,
Pingxiang,27.61667,113.85,CN,Asia/Shanghai,372123,8,China,
Van,38.49239,43.38311,TR,Europe/Istanbul,371713,2,Turkey,
Honolulu,21.30694,-157.85833,US,Pacific/Honolulu,371657,-10,United States,
Firenze,43.76667,11.25,IT,Europe/Rome,371517,1,Italy,
Bologna,44.49381,11.33875,IT,Europe/Rome,371217,1,Italy,
Abadan,30.3392,48.3043,IR,Asia/Tehran,370180,3.5,"Iran, Islamic Republic Of"
Fenghuang,27.93557,109.59961,CN,Asia/Shanghai,370000,8,China,
Puerto La Cruz,10.21667,-64.61667,VE,America/Caracas,370000,-4.5,"Venezuela, Bolivarian Republic Of"
Brno,49.19522,16.60796,CZ,Europe/Prague,369559,1,Czech Republic,
Mahilyow,53.9168,30.3449,BY,Europe/Minsk,369200,3,Belarus,
Nara-shi,34.68505,135.80485,JP,Asia/Tokyo,367353,9,Japan,
Olinda,-8.00889,-34.85528,BR,America/Recife,366754,-3,Brazil,
Kenitra,34.26101,-6.5802,MA,Africa/Casablanca,366570,0,Morocco,
Bydgoszcz,53.1235,18.00762,PL,Europe/Warsaw,366452,1,Poland,
Kuantan,3.8077,103.326,MY,Asia/Kuala_Lumpur,366229,8,Malaysia,
Xico,19.26667,-98.93333,MX,America/Mexico_City,365777,-6,Mexico,
Arlington,32.73569,-97.10807,US,America/Chicago,365438,-6,United States,
Tenan,36.8065,127.1522,KR,Asia/Seoul,365114,9,"Korea, Republic Of"
Petare,10.47226,-66.80155,VE,America/Caracas,364684,-4.5,"Venezuela, Bolivarian Republic Of"
Larkana,27.55508,68.21414,PK,Asia/Karachi,364033,5,Pakistan,
Christchurch,-43.53333,172.63333,NZ,Pacific/Auckland,363926,12,New Zealand,
Stavropol',45.0428,41.9734,RU,Europe/Moscow,363064,4,Russian Federation,
Villahermosa,17.98333,-92.91667,MX,America/Mexico_City,362401,-6,Mexico,
Toyota,35.08333,137.15,JP,Asia/Tokyo,362383,9,Japan,
Manukau City,-36.99282,174.87986,NZ,Pacific/Auckland,362000,12,New Zealand,
Zhaoqing,23.05116,112.45972,CN,Asia/Shanghai,361969,8,China,
Atasehir,40.9833,29.1167,TR,Europe/Istanbul,361615,2,Turkey,
Sheikhupura,31.71306,73.97833,PK,Asia/Karachi,361303,5,Pakistan,
Carapicuiba,-23.5225,-46.83556,BR,America/Sao_Paulo,361112,-3,Brazil,
Wuppertal,51.27027,7.16755,DE,Europe/Berlin,360797,1,Germany,
Tamale,9.40078,-0.8393,GH,Africa/Accra,360579,0,Ghana,
Ulan-Ude,51.82605,107.60979,RU,Asia/Irkutsk,360278,9,Russian Federation,
Nagano-shi,36.65139,138.18111,JP,Asia/Tokyo,360176,9,Japan,
Bobo-Dioulasso,11.17715,-4.2979,BF,Africa/Ouagadougou,360106,0,Burkina Faso,
Lublin,51.25,22.56667,PL,Europe/Warsaw,360044,1,Poland,
Shinagawa-ku,35.60902,139.73017,JP,Asia/Tokyo,360000,9,Japan,
Halifax,44.64533,-63.57239,CA,America/Halifax,359111,-4,Canada,
Anqing,30.50917,117.05056,CN,Asia/Shanghai,358661,8,China,
Taraz,42.9,71.36667,KZ,Asia/Almaty,358153,6,Kazakhstan,
Simferopol',44.95719,34.11079,UA,Europe/Simferopol,358108,2,Ukraine,
San Jose del Monte,14.81389,121.04528,PH,Asia/Manila,357828,8,Philippines,
Manizales,5.06889,-75.51738,CO,America/Bogota,357814,-5,Colombia,
Kwangmyong,37.47722,126.86639,KR,Asia/Seoul,357545,9,"Korea, Republic Of"
Zanjan,36.6736,48.4787,IR,Asia/Tehran,357471,3.5,"Iran, Islamic Republic Of"
Iwaki,37.05,140.88333,JP,Asia/Tokyo,357309,9,Japan,
Bacoor,14.45903,120.92903,PH,Asia/Manila,356974,8,Philippines,
Asahikawa,43.76778,142.37028,JP,Asia/Tokyo,356612,9,Japan,
Manama,26.22,50.83,BH,Asia/Bahrain,290000,3,Bahrain,
Port Louis,-20.17,57.5, MU,Asia/Mauritius,137608,4,Mauritius,